Station,StationName,Latitude,Longitude
009021,Perth Airport M.o.,-31.93,115.98
010558,Gnowangerup,-33.94,118.01
014050,Fort Hill Wharf,-12.47,130.85
023055,Adelaide Airport Alert,-34.95,138.52
031049,Mulgrave Mill,-17.09,145.79
033307,Woolshed,-19.42,146.54
040913,Brisbane,-27.48,153.04
066006,Sydney Botanic Gardens,-33.87,151.22
086282,Melbourne Airport,-37.67,144.83
094029,Hobart (Ellerslie Road),-42.89,147.33
015501,Yambah,-23.13,133.84
015503,Mount Riddock,-23.04,134.68
015546,Ringwood,-23.83,134.96
015590,Alice Springs Airport,-23.80,133.89
015616,Ross River,-23.59,134.49
015619,Todd River,-23.84,134.51
015623,Undoolya,-23.69,134.04
015631,Bond Springs Homestead,-23.54,133.92
015671,Jindalee - Mt Everard,-23.52,133.68
015673,Trephina Gorge,-23.53,134.37
015679,Alice Springs Desert Park,-23.70,133.84
015680,Alice Springs Telegraph Station,-23.67,133.89
014015,Darwin Airport,-12.42,130.89
014049,Darwin Bowls Club,-12.44,130.84
014112,Nightcliff Pool,-12.38,130.85
014144,Marrara,-12.40,130.88
014163,Darwin Botanic Gardens,-12.44,130.84
014235,Northlakes,-12.40,130.90
014260,East Arm,-12.48,130.90
014270,Nightcliff Sports Club,-12.38,130.85
014289,Charles Darwin University,-12.37,130.87
014316,Darwin Turf Club,-12.43,130.85
014318,East Point,-12.41,130.83
014319,Darwin Airport (Manual Evaporation Compa,-12.42,130.89
