distance_km,id_or_name,lat,lon,source_file
0.658,RN017272,-22.373283,133.322924,Bores_Ti_Tree.csv
1.198,RN000449,-22.356685,133.323036,Bores_Ti_Tree.csv
1.198,RN011975,-22.356685,133.323036,Bores_Ti_Tree.csv
1.300,RN000450,-22.356691,133.32887,Bores_Ti_Tree.csv
1.780,RN000920,-22.352801,133.330917,Bores_Ti_Tree.csv
2.349,RN018254,-22.346641,133.327937,Bores_Ti_Tree.csv
2.354,RN018327,-22.346587,133.32788,Bores_Ti_Tree.csv
2.357,RN018328,-22.346453,133.327163,Bores_Ti_Tree.csv
2.366,RN018332,-22.346372,133.327212,Bores_Ti_Tree.csv
2.381,RN018141,-22.346241,133.32723,Bores_Ti_Tree.csv
2.383,RN018329,-22.346218,133.327185,Bores_Ti_Tree.csv
2.386,RN018600,-22.346195,133.327201,Bores_Ti_Tree.csv
2.395,RN018601,-22.346124,133.327328,Bores_Ti_Tree.csv
2.401,RN018335,-22.346075,133.327362,Bores_Ti_Tree.csv
2.436,RN018889,-22.345685,133.32677,Bores_Ti_Tree.csv
2.444,RN018888,-22.345642,133.327023,Bores_Ti_Tree.csv
2.448,RN018887,-22.345636,133.327256,Bores_Ti_Tree.csv
2.467,RN018331,-22.348894,133.337066,Bores_Ti_Tree.csv
2.469,RN018602,-22.34658,133.332148,Bores_Ti_Tree.csv
2.469,RN018337,-22.348784,133.336922,Bores_Ti_Tree.csv
2.480,RN018336,-22.346514,133.33225,Bores_Ti_Tree.csv
2.809,RN018607,-22.387781,133.307689,Bores_Ti_Tree.csv
2.817,RN018606,-22.387577,133.307274,Bores_Ti_Tree.csv
2.887,RN018608,-22.393128,133.31991,Bores_Ti_Tree.csv
3.500,RN013433,-22.397518,133.333871,Bores_Ti_Tree.csv
4.419,RN017271,-22.338499,133.353338,Bores_Ti_Tree.csv
5.545,RN017265,-22.406566,133.290453,Bores_Ti_Tree.csv
5.552,RN017273,-22.408335,133.292918,Bores_Ti_Tree.csv
5.733,RN012004,-22.362325,133.379353,Bores_Ti_Tree.csv
6.066,RN018605,-22.314291,133.33723,Bores_Ti_Tree.csv
6.133,RN002401,-22.406135,133.281377,Bores_Ti_Tree.csv
6.133,RN002402,-22.406135,133.281377,Bores_Ti_Tree.csv
6.135,RN015647,-22.406473,133.281713,Bores_Ti_Tree.csv
6.580,RN018603,-22.309568,133.337315,Bores_Ti_Tree.csv
6.602,RN018333,-22.309384,133.337379,Bores_Ti_Tree.csv
6.609,RN018604,-22.309307,133.337328,Bores_Ti_Tree.csv
7.017,RN018891,-22.306166,133.340248,Bores_Ti_Tree.csv
7.017,RN018890,-22.306233,133.340548,Bores_Ti_Tree.csv
7.425,RN014777,-22.421529,133.366211,Bores_Ti_Tree.csv
7.451,RN013781,-22.422835,133.36463,Bores_Ti_Tree.csv
7.998,RN015646,-22.298778,133.347088,Bores_Ti_Tree.csv
8.887,RN016685,-22.442128,133.354616,Bores_Ti_Tree.csv
9.351,RN017270,-22.303154,133.382502,Bores_Ti_Tree.csv
9.496,RN005643,-22.286421,133.353095,Bores_Ti_Tree.csv
9.506,RN016682,-22.282051,133.319076,Bores_Ti_Tree.csv
9.690,RN001846,-22.332548,133.237528,Bores_Ti_Tree.csv
9.860,RN016686,-22.405242,133.237129,Bores_Ti_Tree.csv
9.870,RN003978,-22.327074,133.409359,Bores_Ti_Tree.csv
10.378,RN001847,-22.319191,133.237492,Bores_Ti_Tree.csv
10.378,RN014555,-22.319191,133.237492,Bores_Ti_Tree.csv
10.658,RN016087,-22.311966,133.4084,Bores_Ti_Tree.csv
11.586,RN012005,-22.299399,133.409197,Bores_Ti_Tree.csv
11.670,RN014025,-22.454187,133.259993,Bores_Ti_Tree.csv
11.914,RN005589,-22.298028,133.412124,Bores_Ti_Tree.csv
12.207,RN010502,-22.350721,133.441199,Bores_Ti_Tree.csv
12.209,RN014024,-22.460307,133.260538,Bores_Ti_Tree.csv
12.212,RN016684,-22.282062,133.249187,Bores_Ti_Tree.csv
12.429,RN005590,-22.291146,133.412202,Bores_Ti_Tree.csv
12.702,RN016683,-22.266826,133.382369,Bores_Ti_Tree.csv
12.784,RN017349,-22.383897,133.446925,Bores_Ti_Tree.csv
13.379,RN017348,-22.404611,133.447632,Bores_Ti_Tree.csv
13.439,RN018594,-22.282629,133.416978,Bores_Ti_Tree.csv
13.531,RN005569,-22.277383,133.412358,Bores_Ti_Tree.csv
13.725,RN012626,-22.285341,133.423526,Bores_Ti_Tree.csv
14.112,RN005585,-22.270502,133.412435,Bores_Ti_Tree.csv
14.296,RN017266,-22.242897,133.358416,Bores_Ti_Tree.csv
14.313,RN013156,-22.492076,133.289133,Bores_Ti_Tree.csv
14.319,RN017264,-22.281513,133.427569,Bores_Ti_Tree.csv
14.326,RN018356,-22.268831,133.413523,Bores_Ti_Tree.csv
14.477,RN017269,-22.267236,133.413753,Bores_Ti_Tree.csv
14.777,RN005568,-22.263635,133.413583,Bores_Ti_Tree.csv
15.084,RN018163,-22.502939,133.330623,Bores_Ti_Tree.csv
15.322,RN005631,-22.256739,133.412591,Bores_Ti_Tree.csv
15.322,RN005636,-22.256739,133.412591,Bores_Ti_Tree.csv
15.422,RN017233,-22.250406,133.404349,Bores_Ti_Tree.csv
15.679,RN012398,-22.289059,133.450602,Bores_Ti_Tree.csv
15.683,RN015980,-22.250792,133.409603,Bores_Ti_Tree.csv
15.813,RN016705,-22.251034,133.412191,Bores_Ti_Tree.csv
15.901,RN015682,-22.250627,133.413049,Bores_Ti_Tree.csv
15.948,RN005567,-22.249858,133.412668,Bores_Ti_Tree.csv
15.984,RN015683,-22.250854,133.414791,Bores_Ti_Tree.csv
16.148,RN016968,-22.251071,133.417799,Bores_Ti_Tree.csv
16.166,RN015684,-22.251012,133.418011,Bores_Ti_Tree.csv
16.211,RN013155,-22.512107,133.304439,Bores_Ti_Tree.csv
16.278,RN016308,-22.249708,133.41794,Bores_Ti_Tree.csv
16.344,RN016948,-22.244823,133.411514,Bores_Ti_Tree.csv
16.363,RN016949,-22.24094,133.405164,Bores_Ti_Tree.csv
16.388,RN012894,-22.244438,133.411662,Bores_Ti_Tree.csv
16.398,RN014881,-22.249582,133.419702,Bores_Ti_Tree.csv
16.461,RN018162,-22.443475,133.1865,Bores_Ti_Tree.csv
16.466,RN002400,-22.367736,133.484011,Bores_Ti_Tree.csv
16.497,RN019210,-22.367937,133.48431,Bores_Ti_Tree.csv
16.510,RN016902,-22.248372,133.419779,Bores_Ti_Tree.csv
16.514,RN014882,-22.248411,133.419903,Bores_Ti_Tree.csv
16.586,RN005726,-22.242976,133.412746,Bores_Ti_Tree.csv
16.601,RN015041,-22.24582,133.417499,Bores_Ti_Tree.csv
16.617,RN005725,-22.243172,133.413609,Bores_Ti_Tree.csv
16.627,RN005724,-22.243055,133.41361,Bores_Ti_Tree.csv
16.632,RN006542,-22.242984,133.413582,Bores_Ti_Tree.csv
16.647,RN012154,-22.366488,133.485763,Bores_Ti_Tree.csv
16.661,RN012155,-22.366326,133.485901,Bores_Ti_Tree.csv
16.713,RN016972,-22.239241,133.408705,Bores_Ti_Tree.csv
16.792,RN014883,-22.245568,133.420286,Bores_Ti_Tree.csv
16.810,RN017514,-22.236742,133.406025,Bores_Ti_Tree.csv
16.811,RN011767,-22.242921,133.41658,Bores_Ti_Tree.csv
16.826,RN017697,-22.242777,133.416601,Bores_Ti_Tree.csv
16.859,RN014556,-22.244992,133.420545,Bores_Ti_Tree.csv
16.871,RN012895,-22.239391,133.411874,Bores_Ti_Tree.csv
16.895,RN017515,-22.239595,133.41265,Bores_Ti_Tree.csv
17.020,RN006952,-22.494738,133.231943,Bores_Ti_Tree.csv
17.020,RN010759,-22.494738,133.231943,Bores_Ti_Tree.csv
17.236,RN006543,-22.23014,133.401658,Bores_Ti_Tree.csv
17.236,RN006543 - DBG FV.csv,-22.23014,133.401658,locations_index.csv
17.269,RN015685,-22.242813,133.424052,Bores_Ti_Tree.csv
17.279,RN005524,-22.236092,133.413642,Bores_Ti_Tree.csv
17.354,RN002444,-22.243891,133.426968,Bores_Ti_Tree.csv
17.367,RN012612,-22.500829,133.411763,Bores_Ti_Tree.csv
17.405,RN016704,-22.241663,133.424608,Bores_Ti_Tree.csv
17.459,RN013462,-22.255769,133.443196,Bores_Ti_Tree.csv
17.508,RN015981,-22.24037,133.424398,Bores_Ti_Tree.csv
17.512,RN005634,-22.214772,133.36571,Bores_Ti_Tree.csv
17.626,RN006544,-22.222794,133.393991,Bores_Ti_Tree.csv
17.629,RN012624,-22.494742,133.221661,Bores_Ti_Tree.csv
17.874,RN014098,-22.235663,133.423385,Bores_Ti_Tree.csv
18.280,RN005641,-22.206928,133.285405,Bores_Ti_Tree.csv
18.289,RN002398,-22.502241,133.221944,Bores_Ti_Tree.csv
18.340,RN002399,-22.502801,133.221946,Bores_Ti_Tree.csv
18.589,RN005507,-22.222336,133.41363,Bores_Ti_Tree.csv
19.144,RN001604,-22.291497,133.156838,Bores_Ti_Tree.csv
19.145,RN003511,-22.291569,133.156788,Bores_Ti_Tree.csv
19.210,RN018161,-22.291261,133.156242,Bores_Ti_Tree.csv
19.236,RN014099,-22.223208,133.427133,Bores_Ti_Tree.csv
19.267,RN013924,-22.393565,133.50912,Bores_Ti_Tree.csv
19.303,RN018165,-22.398378,133.139148,Bores_Ti_Tree.csv
19.436,RN016681,-22.281922,133.488684,Bores_Ti_Tree.csv
19.503,RN017268,-22.23188,133.444188,Bores_Ti_Tree.csv
19.691,RN018482,-22.403738,133.511324,Bores_Ti_Tree.csv
19.763,RN005499,-22.222546,133.435151,Bores_Ti_Tree.csv
19.807,RN013461,-22.222341,133.435572,Bores_Ti_Tree.csv
19.827,RN010878,-22.396406,133.133605,Bores_Ti_Tree.csv
19.827,RN001605,-22.396406,133.133605,Bores_Ti_Tree.csv
19.827,RN006953,-22.396406,133.133605,Bores_Ti_Tree.csv
20.097,RN013552,-22.54765,133.309138,Bores_Ti_Tree.csv
20.203,RN017319,-22.204064,133.40981,Bores_Ti_Tree.csv
20.204,RN017320,-22.204055,133.40983,Bores_Ti_Tree.csv
20.207,RN017321,-22.204055,133.409878,Bores_Ti_Tree.csv
20.227,RN018164,-22.548714,133.3077,Bores_Ti_Tree.csv
20.353,RN000451,-22.550016,133.309994,Bores_Ti_Tree.csv
20.383,RN013551,-22.550308,133.310272,Bores_Ti_Tree.csv
20.426,RN005503,-22.194744,133.391575,Bores_Ti_Tree.csv
20.589,RN005630,-22.183991,133.296649,Bores_Ti_Tree.csv
20.594,RN005721,-22.201687,133.41321,Bores_Ti_Tree.csv
20.594,RN005722,-22.201687,133.41321,Bores_Ti_Tree.csv
20.616,RN005723,-22.201708,133.413716,Bores_Ti_Tree.csv
20.709,RN010675,-22.208357,133.428558,Bores_Ti_Tree.csv
20.750,RN010674,-22.208217,133.429073,Bores_Ti_Tree.csv
20.753,RN010673,-22.207904,133.428574,Bores_Ti_Tree.csv
20.790,RN010676,-22.207719,133.428943,Bores_Ti_Tree.csv
21.286,RN005511,-22.194804,133.41329,Bores_Ti_Tree.csv
21.342,RN017326,-22.24302,133.481855,Bores_Ti_Tree.csv
21.347,RN017327,-22.24293,133.481836,Bores_Ti_Tree.csv
21.354,RN017325,-22.24294,133.481933,Bores_Ti_Tree.csv
21.733,RN017350,-22.435884,133.52189,Bores_Ti_Tree.csv
21.746,RN019209,-22.50643,133.472705,Bores_Ti_Tree.csv
21.785,RN005638,-22.243082,133.48752,Bores_Ti_Tree.csv
21.899,RN013930,-22.370317,133.536821,Bores_Ti_Tree.csv
21.968,RN018893,-22.282877,133.516906,Bores_Ti_Tree.csv
21.972,RN017915,-22.283685,133.517354,Bores_Ti_Tree.csv
21.974,RN018892,-22.282878,133.516964,Bores_Ti_Tree.csv
21.981,RN018733,-22.19961,133.436785,Bores_Ti_Tree.csv
22.047,RN017601,-22.194916,133.429504,Bores_Ti_Tree.csv
22.346,RN005504,-22.19502,133.435456,Bores_Ti_Tree.csv
22.638,RN005584,-22.168215,133.369253,Bores_Ti_Tree.csv
22.868,RN017853,-22.196112,133.446833,Bores_Ti_Tree.csv
23.055,RN015074,-22.469978,133.128948,Bores_Ti_Tree.csv
23.274,RN017852,-22.187442,133.439344,Bores_Ti_Tree.csv
23.428,RN010671,-22.173236,133.412201,Bores_Ti_Tree.csv
23.496,RN013925,-22.424807,133.543828,Bores_Ti_Tree.csv
23.612,RN017856,-22.194823,133.457554,Bores_Ti_Tree.csv
23.680,RN017218,-22.154469,133.322351,Bores_Ti_Tree.csv
23.680,RN017224,-22.154468,133.322471,Bores_Ti_Tree.csv
23.816,RN043687,-22.566895,133.239456,Bores_Ti_Tree.csv
23.832,RN017351,-22.476125,133.5237,Bores_Ti_Tree.csv
23.978,RN017844,-22.209445,133.482497,Bores_Ti_Tree.csv
24.003,RN040118,-22.570828,133.245639,Bores_Ti_Tree.csv
24.011,RN015073,-22.438061,133.103158,Bores_Ti_Tree.csv
24.027,RN017599,-22.175605,133.431368,Bores_Ti_Tree.csv
24.042,RN017220,-22.151214,133.322947,Bores_Ti_Tree.csv
24.094,RN017854,-22.200388,133.473041,Bores_Ti_Tree.csv
24.094,RN005500,-22.167279,133.413597,Bores_Ti_Tree.csv
24.148,RN017857,-22.187733,133.455663,Bores_Ti_Tree.csv
24.148,RN017851,-22.179404,133.441314,Bores_Ti_Tree.csv
24.180,RN018740,-22.186087,133.453567,Bores_Ti_Tree.csv
24.204,RN005468,-22.160224,133.395942,Bores_Ti_Tree.csv
24.212,RN017605,-22.18367,133.450121,Bores_Ti_Tree.csv
24.227,RN017931,-22.190917,133.461913,Bores_Ti_Tree.csv
24.233,RN017855,-22.181166,133.446143,Bores_Ti_Tree.csv
24.244,RN017843,-22.192422,133.464408,Bores_Ti_Tree.csv
24.260,RN017932,-22.190895,133.462427,Bores_Ti_Tree.csv
24.261,RN017858,-22.183192,133.450194,Bores_Ti_Tree.csv
24.305,RN017845,-22.192056,133.464868,Bores_Ti_Tree.csv
24.346,RN043688,-22.575904,133.251468,Bores_Ti_Tree.csv
24.455,RN013550,-22.586965,133.33805,Bores_Ti_Tree.csv
24.467,RN018741,-22.18108,133.450324,Bores_Ti_Tree.csv
24.533,RN043686,-22.574653,133.241924,Bores_Ti_Tree.csv
24.542,RN043744,-22.570563,133.230473,Bores_Ti_Tree.csv
24.565,RN017222,-22.146507,133.323876,Bores_Ti_Tree.csv
24.567,RN017221,-22.146495,133.32374,Bores_Ti_Tree.csv
24.571,RN017215,-22.146453,133.3236,Bores_Ti_Tree.csv
24.582,RN005033,-22.146501,133.33255,Bores_Ti_Tree.csv
24.587,RN005526,-22.146385,133.317822,Bores_Ti_Tree.csv
24.596,RN017219,-22.146407,133.333492,Bores_Ti_Tree.csv
24.602,RN002446,-22.179778,133.19721,Bores_Ti_Tree.csv
24.602,RN017214,-22.146317,133.332519,Bores_Ti_Tree.csv
24.609,RN017213,-22.146142,133.327764,Bores_Ti_Tree.csv
24.683,RN040117,-22.575156,133.239205,Bores_Ti_Tree.csv
24.686,RN016908,-22.178875,133.197222,Bores_Ti_Tree.csv
24.688,RN005635,-22.145901,133.33996,Bores_Ti_Tree.csv
24.742,RN005194,-22.145975,133.347337,Bores_Ti_Tree.csv
24.768,RN005525,-22.14552,133.303027,Bores_Ti_Tree.csv
24.778,RN005575,-22.146427,133.354721,Bores_Ti_Tree.csv
24.784,RN013549,-22.59009,133.334608,Bores_Ti_Tree.csv
24.806,RN005581,-22.160398,133.413674,Bores_Ti_Tree.csv
24.806,RN005582,-22.160398,133.413674,Bores_Ti_Tree.csv
24.820,RN005573,-22.14605,133.354733,Bores_Ti_Tree.csv
24.820,RN005574,-22.14605,133.354733,Bores_Ti_Tree.csv
24.827,RN017606,-22.185497,133.463756,Bores_Ti_Tree.csv
24.828,RN017934,-22.191339,133.472237,Bores_Ti_Tree.csv
24.868,RN017933,-22.176614,133.449927,Bores_Ti_Tree.csv
24.874,RN005517,-22.146546,133.362112,Bores_Ti_Tree.csv
24.936,RN005509,-22.153343,133.39602,Bores_Ti_Tree.csv
25.004,RN005518,-22.146559,133.369497,Bores_Ti_Tree.csv
25.007,RN017352,-22.328681,133.5634,Bores_Ti_Tree.csv
25.033,RN010554,-22.243323,133.120856,Bores_Ti_Tree.csv
25.061,RN005639,-22.146577,133.372432,Bores_Ti_Tree.csv
25.073,RN043689,-22.584658,133.258437,Bores_Ti_Tree.csv
25.088,RN043745,-22.578321,133.237103,Bores_Ti_Tree.csv
25.094,RN005642,-22.145288,133.280868,Bores_Ti_Tree.csv
25.144,RN011769,-22.57919,133.238044,Bores_Ti_Tree.csv
25.157,RN005516,-22.146573,133.376899,Bores_Ti_Tree.csv
25.165,RN010672,-22.1552,133.408809,Bores_Ti_Tree.csv
25.186,RN005529,-22.146271,133.376738,Bores_Ti_Tree.csv
25.209,RN010678,-22.154934,133.409267,Bores_Ti_Tree.csv
25.210,RN010677,-22.154776,133.408823,Bores_Ti_Tree.csv
25.221,RN018898,-22.502187,133.521266,Bores_Ti_Tree.csv
25.229,RN018899,-22.502223,133.521323,Bores_Ti_Tree.csv
25.237,RN018481,-22.406749,133.56563,Bores_Ti_Tree.csv
25.269,RN043743,-22.573938,133.22124,Bores_Ti_Tree.csv
25.269,RN017600,-22.163604,133.43247,Bores_Ti_Tree.csv
25.338,RN043742,-22.578023,133.229706,Bores_Ti_Tree.csv
25.357,RN005473,-22.146346,133.38428,Bores_Ti_Tree.csv
25.386,RN040116,-22.580922,133.23635,Bores_Ti_Tree.csv
25.422,RN013927,-22.502675,133.523302,Bores_Ti_Tree.csv
25.494,RN017217,-22.138214,133.329677,Bores_Ti_Tree.csv
25.521,RN005510,-22.153516,133.413751,Bores_Ti_Tree.csv
25.525,RN005472,-22.146612,133.391669,Bores_Ti_Tree.csv
25.585,RN002445,-22.137341,133.325131,Bores_Ti_Tree.csv
25.616,RN013014,-22.137062,133.324531,Bores_Ti_Tree.csv
25.676,RN043740,-22.58603,133.243384,Bores_Ti_Tree.csv
25.707,RN005628,-22.146209,133.251318,Bores_Ti_Tree.csv
25.729,RN043741,-22.583976,133.23566,Bores_Ti_Tree.csv
25.739,RN005626,-22.163176,133.441561,Bores_Ti_Tree.csv
25.739,RN005626 - DBG FV.csv,-22.163176,133.441561,locations_index.csv
25.742,RN005505,-22.146622,133.399044,Bores_Ti_Tree.csv
25.747,RN017216,-22.13589,133.321115,Bores_Ti_Tree.csv
25.875,RN016680,-22.282082,133.557899,Bores_Ti_Tree.csv
25.912,RN050016,-22.13502,133.34229,Bores_Ti_Tree.csv
25.979,RN005501,-22.146632,133.406422,Bores_Ti_Tree.csv
26.088,RN040115,-22.591468,133.248519,Bores_Ti_Tree.csv
26.113,RN005629,-22.188033,133.487645,Bores_Ti_Tree.csv
26.160,RN015072,-22.432216,133.079254,Bores_Ti_Tree.csv
26.195,RN013395,-22.402518,133.071942,Bores_Ti_Tree.csv
26.195,RN013393,-22.402518,133.071942,Bores_Ti_Tree.csv
26.237,RN005580,-22.146642,133.413811,Bores_Ti_Tree.csv
26.239,RN005506,-22.146624,133.41383,Bores_Ti_Tree.csv
26.288,RN005587,-22.13275,133.354771,Bores_Ti_Tree.csv
26.404,RN017324,-22.142248,133.242438,Bores_Ti_Tree.csv
26.408,RN017323,-22.142208,133.24246,Bores_Ti_Tree.csv
26.411,RN017322,-22.142166,133.242482,Bores_Ti_Tree.csv
26.438,RN005570,-22.14002,133.398868,Bores_Ti_Tree.csv
26.473,RN005601,-22.139738,133.399036,Bores_Ti_Tree.csv
26.513,RN005502,-22.146662,133.421215,Bores_Ti_Tree.csv
26.551,RN013432,-22.252875,133.097416,Bores_Ti_Tree.csv
26.566,RN010670,-22.14652,133.422187,Bores_Ti_Tree.csv
26.612,RN013548,-22.605997,133.344436,Bores_Ti_Tree.csv
26.871,RN018926,-22.500641,133.542005,Bores_Ti_Tree.csv
26.958,RN005508,-22.139754,133.413896,Bores_Ti_Tree.csv
27.087,RN005528,-22.13979,133.417599,Bores_Ti_Tree.csv
27.128,RN013392,-22.394475,133.061662,Bores_Ti_Tree.csv
27.212,RN005475,-22.132855,133.399248,Bores_Ti_Tree.csv
27.310,RN005519,-22.132757,133.402166,Bores_Ti_Tree.csv
27.353,RN005515,-22.132772,133.40364,Bores_Ti_Tree.csv
27.386,RN010551,-22.13672,133.417014,Bores_Ti_Tree.csv
27.398,RN005330,-22.132786,133.405113,Bores_Ti_Tree.csv
27.434,RN003374,-22.375305,133.057209,Bores_Ti_Tree.csv
27.434,RN001601,-22.375305,133.057209,Bores_Ti_Tree.csv
27.443,RN005466,-22.132801,133.406596,Bores_Ti_Tree.csv
27.446,RN018760,-22.597482,133.227084,Bores_Ti_Tree.csv
27.463,RN018762,-22.598288,133.228893,Bores_Ti_Tree.csv
27.468,RN018761,-22.598361,133.22895,Bores_Ti_Tree.csv
27.477,RN015649,-22.375932,133.056812,Bores_Ti_Tree.csv
27.602,RN005534,-22.132506,133.410521,Bores_Ti_Tree.csv
27.681,RN005474,-22.132872,133.413973,Bores_Ti_Tree.csv
27.692,RN000448,-22.132743,133.413908,Bores_Ti_Tree.csv
27.695,RN010578,-22.132716,133.413908,Bores_Ti_Tree.csv
27.714,RN002450,-22.124806,133.262224,Bores_Ti_Tree.csv
27.724,RN002449,-22.124501,133.263246,Bores_Ti_Tree.csv
27.730,RN005533,-22.132887,133.415456,Bores_Ti_Tree.csv
27.807,RN005527,-22.132908,133.417675,Bores_Ti_Tree.csv
27.813,RN005586,-22.118944,133.354798,Bores_Ti_Tree.csv
27.880,RN003392,-22.130768,133.413349,Bores_Ti_Tree.csv
27.884,RN005530,-22.13293,133.419886,Bores_Ti_Tree.csv
27.926,RN005467,-22.132941,133.421068,Bores_Ti_Tree.csv
27.946,RN005085,-22.131485,133.417412,Bores_Ti_Tree.csv
27.948,RN010548,-22.131207,133.41664,Bores_Ti_Tree.csv
27.948,RN003388,-22.129857,133.412535,Bores_Ti_Tree.csv
27.951,RN005532,-22.131301,133.417026,Bores_Ti_Tree.csv
27.951,RN013931,-22.368418,133.5957,Bores_Ti_Tree.csv
27.974,RN002451,-22.190399,133.517045,Bores_Ti_Tree.csv
27.982,RN005531,-22.133159,133.423181,Bores_Ti_Tree.csv
27.986,RN006042,-22.376279,133.051874,Bores_Ti_Tree.csv
28.010,RN002284,-22.132803,133.422923,Bores_Ti_Tree.csv
28.012,RN004640,-22.45934,133.577595,Bores_Ti_Tree.csv
28.021,RN003391,-22.130763,133.41742,Bores_Ti_Tree.csv
28.026,RN003389,-22.128716,133.411287,Bores_Ti_Tree.csv
28.042,RN012596,-22.241403,133.559981,Bores_Ti_Tree.csv
28.048,RN010547,-22.130445,133.41723,Bores_Ti_Tree.csv
28.055,RN043487,-22.128874,133.412652,Bores_Ti_Tree.csv
28.085,RN012994,-22.39278,133.052111,Bores_Ti_Tree.csv
28.116,RN010546,-22.129906,133.417575,Bores_Ti_Tree.csv
28.120,RN005625,-22.140038,133.443452,Bores_Ti_Tree.csv
28.130,RN010972,-22.129808,133.417664,Bores_Ti_Tree.csv
28.140,RN001856,-22.129587,133.417288,Bores_Ti_Tree.csv
28.173,RN001600,-22.381136,133.050282,Bores_Ti_Tree.csv
28.233,RN016826,-22.12943,133.41945,Bores_Ti_Tree.csv
28.249,RN012560,-22.367712,133.049159,Bores_Ti_Tree.csv
28.262,RN010925,-22.12832,133.417002,Bores_Ti_Tree.csv
28.346,RN012561,-22.38577,133.048907,Bores_Ti_Tree.csv
28.346,RN012564,-22.38577,133.048907,Bores_Ti_Tree.csv
28.370,RN014188,-22.469278,133.57693,Bores_Ti_Tree.csv
28.383,RN012595,-22.242942,133.564742,Bores_Ti_Tree.csv
28.409,RN013431,-22.534188,133.114445,Bores_Ti_Tree.csv
28.448,RN012563,-22.394799,133.048781,Bores_Ti_Tree.csv
28.523,RN016796,-22.125606,133.416313,Bores_Ti_Tree.csv
28.539,RN015042,-22.12695,133.420786,Bores_Ti_Tree.csv
28.555,RN018895,-22.282735,133.585959,Bores_Ti_Tree.csv
28.561,RN018894,-22.282735,133.586017,Bores_Ti_Tree.csv
28.577,RN017914,-22.282356,133.586041,Bores_Ti_Tree.csv
28.619,RN000930,-22.623907,133.347119,Bores_Ti_Tree.csv
28.646,RN003387,-22.125034,133.418163,Bores_Ti_Tree.csv
28.683,RN001602,-22.251139,133.074991,Bores_Ti_Tree.csv
28.683,RN001603,-22.251139,133.074991,Bores_Ti_Tree.csv
28.834,RN005588,-22.1329,133.443397,Bores_Ti_Tree.csv
28.850,RN012565,-22.365023,133.043332,Bores_Ti_Tree.csv
29.020,RN012562,-22.379464,133.041945,Bores_Ti_Tree.csv
29.311,RN005583,-22.105418,133.355094,Bores_Ti_Tree.csv
29.341,RN014784,-22.385653,133.039198,Bores_Ti_Tree.csv
29.548,RN013693,-22.341028,133.037978,Bores_Ti_Tree.csv
29.553,RN013936,-22.418581,133.60596,Bores_Ti_Tree.csv
29.913,RN013692,-22.338279,133.034717,Bores_Ti_Tree.csv
29.914,RN016137,-22.338189,133.034718,Bores_Ti_Tree.csv
29.943,RN004512,-22.636709,133.322429,Bores_Ti_Tree.csv
29.987,RN015071,-22.335295,133.03437,Bores_Ti_Tree.csv
30.209,RN013926,-22.511092,133.573353,Bores_Ti_Tree.csv
30.392,RN013391,-22.370016,133.028329,Bores_Ti_Tree.csv
30.547,RN015986,-22.641866,133.337165,Bores_Ti_Tree.csv
30.547,RN011750,-22.641866,133.337175,Bores_Ti_Tree.csv
30.586,RN015971,-22.641926,133.343012,Bores_Ti_Tree.csv
30.734,RN006027,-22.642996,133.34697,Bores_Ti_Tree.csv
30.803,RN018716,-22.643581,133.347585,Bores_Ti_Tree.csv
30.819,RN002587,-22.643772,133.346881,Bores_Ti_Tree.csv
30.996,RN017283,-22.645315,133.347603,Bores_Ti_Tree.csv
31.013,RN015977,-22.645365,133.348984,Bores_Ti_Tree.csv
31.024,RN015982,-22.645529,133.348214,Bores_Ti_Tree.csv
31.073,RN015987,-22.646421,133.341012,Bores_Ti_Tree.csv
31.736,RN043685,-22.641197,133.236554,Bores_Ti_Tree.csv
31.753,RN010553,-22.160918,133.110755,Bores_Ti_Tree.csv
31.778,RN004509,-22.653211,133.322706,Bores_Ti_Tree.csv
31.795,RN004835,-22.652954,133.340486,Bores_Ti_Tree.csv
31.993,RN005633,-22.094827,133.423307,Bores_Ti_Tree.csv
32.397,RN002448,-22.090356,133.226538,Bores_Ti_Tree.csv
32.446,RN016815,-22.637731,133.204911,Bores_Ti_Tree.csv
32.511,RN013647,-22.638903,133.206375,Bores_Ti_Tree.csv
32.511,RN016907,-22.088898,133.227826,Bores_Ti_Tree.csv
32.513,RN016375,-22.659115,133.345919,Bores_Ti_Tree.csv
32.556,RN016378,-22.659244,133.349615,Bores_Ti_Tree.csv
32.556,RN016382,-22.659244,133.349615,Bores_Ti_Tree.csv
32.567,RN016679,-22.282254,133.626804,Bores_Ti_Tree.csv
32.600,RN016381,-22.659649,133.349514,Bores_Ti_Tree.csv
32.731,RN043684,-22.649744,133.233672,Bores_Ti_Tree.csv
32.767,RN016379,-22.661125,133.349885,Bores_Ti_Tree.csv
32.767,RN015326,-22.661125,133.349885,Bores_Ti_Tree.csv
32.769,RN016374,-22.661535,133.34409,Bores_Ti_Tree.csv
32.868,RN016377,-22.662045,133.349777,Bores_Ti_Tree.csv
32.868,RN016376,-22.662045,133.349777,Bores_Ti_Tree.csv
32.900,RN015324,-22.66199,133.354049,Bores_Ti_Tree.csv
32.903,RN043683,-22.649275,133.226332,Bores_Ti_Tree.csv
32.964,RN015325,-22.662856,133.350497,Bores_Ti_Tree.csv
33.021,RN010552,-22.161145,133.093039,Bores_Ti_Tree.csv
33.034,RN013939,-22.459175,133.629527,Bores_Ti_Tree.csv
33.066,RN014408,-22.437367,133.636494,Bores_Ti_Tree.csv
33.269,RN011765,-22.65178,133.424627,Bores_Ti_Tree.csv
33.387,RN016901,-22.438115,133.639519,Bores_Ti_Tree.csv
33.400,RN017019,-22.438116,133.639645,Bores_Ti_Tree.csv
33.424,RN043680,-22.654742,133.228257,Bores_Ti_Tree.csv
33.433,RN043681,-22.654832,133.228275,Bores_Ti_Tree.csv
33.480,RN012156,-22.353915,133.649125,Bores_Ti_Tree.csv
33.499,RN012157,-22.353865,133.649306,Bores_Ti_Tree.csv
33.502,RN016146,-22.459225,133.634289,Bores_Ti_Tree.csv
33.509,RN017516,-22.446038,133.638557,Bores_Ti_Tree.csv
33.510,RN014248,-22.446038,133.638567,Bores_Ti_Tree.csv
33.515,RN018133,-22.515145,133.608133,Bores_Ti_Tree.csv
33.555,RN004641,-22.355531,133.649932,Bores_Ti_Tree.csv
33.622,RN016990,-22.451426,133.638077,Bores_Ti_Tree.csv
33.670,RN018897,-22.287158,133.639509,Bores_Ti_Tree.csv
33.675,RN018896,-22.287122,133.639548,Bores_Ti_Tree.csv
33.783,RN014554,-22.454998,133.638567,Bores_Ti_Tree.csv
33.952,RN014410,-22.449256,133.642072,Bores_Ti_Tree.csv
33.966,RN016827,-22.075338,133.42044,Bores_Ti_Tree.csv
33.983,RN014411,-22.448925,133.642484,Bores_Ti_Tree.csv
34.018,RN017225,-22.437195,133.646066,Bores_Ti_Tree.csv
34.040,RN017913,-22.282335,133.641768,Bores_Ti_Tree.csv
34.088,RN043682,-22.659685,133.223698,Bores_Ti_Tree.csv
34.183,RN014192,-22.459085,133.641287,Bores_Ti_Tree.csv
34.242,RN014189,-22.458811,133.641979,Bores_Ti_Tree.csv
34.249,RN014190,-22.45873,133.642077,Bores_Ti_Tree.csv
34.268,RN014194,-22.458741,133.642271,Bores_Ti_Tree.csv
34.279,RN014195,-22.45876,133.642378,Bores_Ti_Tree.csv
34.363,RN001103,-22.622806,133.135524,Bores_Ti_Tree.csv
34.417,RN014852,-22.464896,133.641658,Bores_Ti_Tree.csv
34.428,RN014853,-22.464897,133.641774,Bores_Ti_Tree.csv
34.467,RN015323,-22.673351,133.377922,Bores_Ti_Tree.csv
34.494,RN014250,-22.450355,133.647212,Bores_Ti_Tree.csv
34.649,RN014191,-22.458395,133.646259,Bores_Ti_Tree.csv
34.657,RN011770,-22.665025,133.424155,Bores_Ti_Tree.csv
34.689,RN043619,-22.664034,133.219234,Bores_Ti_Tree.csv
34.689,RN016983,-22.445173,133.650672,Bores_Ti_Tree.csv
34.694,RN043618,-22.664041,133.219098,Bores_Ti_Tree.csv
34.703,RN016900,-22.4453,133.650778,Bores_Ti_Tree.csv
34.812,RN017227,-22.47415,133.642267,Bores_Ti_Tree.csv
34.813,RN017228,-22.474195,133.642257,Bores_Ti_Tree.csv
34.827,RN014855,-22.47498,133.642094,Bores_Ti_Tree.csv
34.844,RN001113,-22.655093,133.18937,Bores_Ti_Tree.csv
34.942,RN018203,-22.35487,133.663395,Bores_Ti_Tree.csv
34.945,RN016988,-22.438246,133.655053,Bores_Ti_Tree.csv
34.974,RN015409,-22.342179,133.662871,Bores_Ti_Tree.csv
34.974,RN015321,-22.678472,133.374446,Bores_Ti_Tree.csv
34.988,RN019607,-22.342225,133.663006,Bores_Ti_Tree.csv
35.038,RN014249,-22.349704,133.664052,Bores_Ti_Tree.csv
35.045,RN014703,-22.354027,133.664361,Bores_Ti_Tree.csv
35.046,RN019240,-22.349731,133.664139,Bores_Ti_Tree.csv
35.074,RN013695,-22.51443,133.625824,Bores_Ti_Tree.csv
35.086,RN044701,-22.514458,133.62594,Bores_Ti_Tree.csv
35.117,RN001115,-22.631052,133.135646,Bores_Ti_Tree.csv
35.162,RN017289,-22.333425,133.663799,Bores_Ti_Tree.csv
35.173,RN043454,-22.663588,133.203583,Bores_Ti_Tree.csv
35.201,RN017018,-22.459046,133.651665,Bores_Ti_Tree.csv
35.207,RN016899,-22.458875,133.651774,Bores_Ti_Tree.csv
35.287,RN015322,-22.680133,133.382406,Bores_Ti_Tree.csv
35.291,RN043453,-22.662013,133.196024,Bores_Ti_Tree.csv
35.388,RN016989,-22.482734,133.644769,Bores_Ti_Tree.csv
35.475,RN014702,-22.347995,133.668204,Bores_Ti_Tree.csv
35.482,RN013938,-22.421141,133.664078,Bores_Ti_Tree.csv
35.495,RN013928,-22.420971,133.664235,Bores_Ti_Tree.csv
35.495,RN013937,-22.42098,133.664235,Bores_Ti_Tree.csv
35.533,RN016986,-22.450686,133.657596,Bores_Ti_Tree.csv
35.533,RN017226,-22.450587,133.657626,Bores_Ti_Tree.csv
35.553,RN019731,-22.343925,133.66866,Bores_Ti_Tree.csv
35.585,RN019494,-22.339317,133.668568,Bores_Ti_Tree.csv
35.682,RN001110,-22.663339,133.189506,Bores_Ti_Tree.csv
35.683,RN014409,-22.449311,133.659504,Bores_Ti_Tree.csv
35.717,RN016987,-22.472463,133.652245,Bores_Ti_Tree.csv
35.724,RN043617,-22.671124,133.210414,Bores_Ti_Tree.csv
35.735,RN019730,-22.333941,133.669464,Bores_Ti_Tree.csv
35.764,RN014854,-22.464894,133.655438,Bores_Ti_Tree.csv
35.765,RN016982,-22.464912,133.655447,Bores_Ti_Tree.csv
35.846,RN016885,-22.458839,133.658275,Bores_Ti_Tree.csv
35.851,RN016981,-22.458785,133.658344,Bores_Ti_Tree.csv
35.856,RN016884,-22.458849,133.658372,Bores_Ti_Tree.csv
35.865,RN017223,-22.458858,133.65846,Bores_Ti_Tree.csv
35.910,RN019495,-22.342073,133.671989,Bores_Ti_Tree.csv
36.058,RN001118,-22.663464,133.18061,Bores_Ti_Tree.csv
36.058,RN001117,-22.663464,133.18061,Bores_Ti_Tree.csv
36.058,RN001116,-22.663464,133.18061,Bores_Ti_Tree.csv
36.058,RN001114,-22.663464,133.18061,Bores_Ti_Tree.csv
36.058,RN001112,-22.663464,133.18061,Bores_Ti_Tree.csv
36.058,RN001119,-22.663464,133.18061,Bores_Ti_Tree.csv
36.166,RN018134,-22.515367,133.637266,Bores_Ti_Tree.csv
36.388,RN001482,-22.057332,133.436792,Bores_Ti_Tree.csv
36.648,RN016985,-22.450707,133.668809,Bores_Ti_Tree.csv
36.904,RN016984,-22.459378,133.668833,Bores_Ti_Tree.csv
36.957,RN001111,-22.699189,133.302212,Bores_Ti_Tree.csv
36.995,RN015778,-22.059642,133.460341,Bores_Ti_Tree.csv
37.136,RN014115,-22.565503,133.614854,Bores_Ti_Tree.csv
37.243,RN005627,-22.059026,133.465008,Bores_Ti_Tree.csv
37.256,RN015777,-22.057854,133.462298,Bores_Ti_Tree.csv
37.275,RN011771,-22.701974,133.300825,Bores_Ti_Tree.csv
37.279,RN005632,-22.06044,133.469431,Bores_Ti_Tree.csv
37.356,RN043452,-22.681482,133.194737,Bores_Ti_Tree.csv
37.431,RN019568,-22.345837,133.68711,Bores_Ti_Tree.csv
37.552,RN017505,-22.704423,133.300134,Bores_Ti_Tree.csv
37.552,RN017504,-22.704423,133.300134,Bores_Ti_Tree.csv
37.596,RN014114,-22.516748,133.652085,Bores_Ti_Tree.csv
37.603,RN014193,-22.516928,133.652067,Bores_Ti_Tree.csv
37.711,RN005637,-22.050674,133.45477,Bores_Ti_Tree.csv
37.726,RN005640,-22.055585,133.468235,Bores_Ti_Tree.csv
37.888,RN013929,-22.459117,133.678855,Bores_Ti_Tree.csv
37.998,RN013646,-22.642267,133.543695,Bores_Ti_Tree.csv
38.649,RN002452,-22.221557,133.664852,Bores_Ti_Tree.csv
39.041,RN018764,-22.570955,133.633472,Bores_Ti_Tree.csv
39.300,RN018821,-22.538541,133.658498,Bores_Ti_Tree.csv
39.305,RN018921,-22.53856,133.658537,Bores_Ti_Tree.csv
39.321,RN018822,-22.538705,133.658623,Bores_Ti_Tree.csv
39.568,RN000919,-22.719173,133.382152,Bores_Ti_Tree.csv
39.644,RN018763,-22.574201,133.638186,Bores_Ti_Tree.csv
40.099,RN013871,-22.520748,133.677035,Bores_Ti_Tree.csv
40.133,RN001106,-22.72421,133.264822,Bores_Ti_Tree.csv
41.359,RN018166,-22.186702,132.972557,Bores_Ti_Tree.csv
41.463,RN003390,-22.141006,133.643998,Bores_Ti_Tree.csv
41.516,RN018135,-22.522248,133.691477,Bores_Ti_Tree.csv
41.517,RN018136,-22.522365,133.691428,Bores_Ti_Tree.csv
41.564,RN013940,-22.357418,133.727923,Bores_Ti_Tree.csv
41.573,RN013932,-22.357535,133.728019,Bores_Ti_Tree.csv
41.579,RN018137,-22.361574,133.728167,Bores_Ti_Tree.csv
41.584,RN018138,-22.36152,133.728216,Bores_Ti_Tree.csv
41.748,RN013934,-22.402085,133.728187,Bores_Ti_Tree.csv
41.754,RN018780,-22.403141,133.728139,Bores_Ti_Tree.csv
41.756,RN018781,-22.403105,133.728168,Bores_Ti_Tree.csv
41.845,RN018140,-22.325543,133.728231,Bores_Ti_Tree.csv
41.847,RN018139,-22.325661,133.72826,Bores_Ti_Tree.csv
41.878,RN013935,-22.321667,133.728053,Bores_Ti_Tree.csv
41.904,RN016454,-22.001414,133.420766,Bores_Ti_Tree.csv
42.030,RN016453,-22.003034,133.432351,Bores_Ti_Tree.csv
42.463,RN016452,-21.998743,133.431333,Bores_Ti_Tree.csv
42.503,RN016455,-22.000014,133.437741,Bores_Ti_Tree.csv
42.620,RN016451,-21.996904,133.429823,Bores_Ti_Tree.csv
42.635,RN013933,-22.282728,133.728134,Bores_Ti_Tree.csv
42.786,RN014112,-22.458935,133.728164,Bores_Ti_Tree.csv
42.810,RN018614,-22.459983,133.728126,Bores_Ti_Tree.csv
42.814,RN018779,-22.459956,133.728175,Bores_Ti_Tree.csv
43.126,RN010555,-22.126132,133.651935,Bores_Ti_Tree.csv
43.262,RN012579,-22.573663,133.680887,Bores_Ti_Tree.csv
43.365,RN015597,-22.074807,133.045377,Bores_Ti_Tree.csv
43.433,RN012158,-22.575018,133.681941,Bores_Ti_Tree.csv
43.560,RN017406,-22.296229,133.740336,Bores_Ti_Tree.csv
43.932,RN015596,-22.067492,133.046088,Bores_Ti_Tree.csv
44.259,RN002453,-22.220503,133.72368,Bores_Ti_Tree.csv
44.327,RN015593,-22.062005,133.047142,Bores_Ti_Tree.csv
44.552,RN012583,-22.433698,133.751275,Bores_Ti_Tree.csv
44.614,RN012582,-22.433694,133.751888,Bores_Ti_Tree.csv
44.634,RN012581,-22.43375,133.752072,Bores_Ti_Tree.csv
44.651,RN012580,-22.433769,133.752237,Bores_Ti_Tree.csv
44.653,RN015592,-22.057634,133.04788,Bores_Ti_Tree.csv
44.784,RN014113,-22.517367,133.728311,Bores_Ti_Tree.csv
44.882,RN018976,-22.763325,133.238709,Bores_Ti_Tree.csv
44.932,RN015594,-22.053325,133.049296,Bores_Ti_Tree.csv
45.038,RN015595,-22.051039,133.050722,Bores_Ti_Tree.csv
45.091,RN014737,-21.974706,133.432992,Bores_Ti_Tree.csv
45.150,RN018610,-22.526866,133.727923,Bores_Ti_Tree.csv
45.152,RN018611,-22.526911,133.727922,Bores_Ti_Tree.csv
45.154,RN018609,-22.526867,133.727961,Bores_Ti_Tree.csv
45.189,RN004185,-21.971114,133.421004,Bores_Ti_Tree.csv
45.502,RN015598,-22.039689,133.059227,Bores_Ti_Tree.csv
45.672,RN002447,-22.035307,133.062852,Bores_Ti_Tree.csv
45.838,RN015028,-22.354052,133.769389,Bores_Ti_Tree.csv
46.166,RN017404,-22.296878,133.766192,Bores_Ti_Tree.csv
46.766,RN015599,-22.027669,133.056147,Bores_Ti_Tree.csv
46.998,RN018612,-22.565201,133.728096,Bores_Ti_Tree.csv
47.007,RN018613,-22.565301,133.728134,Bores_Ti_Tree.csv
48.823,RN004184,-21.933887,133.398937,Bores_Ti_Tree.csv
48.843,RN017405,-22.257185,133.78349,Bores_Ti_Tree.csv
49.079,RN001618,-22.225393,133.775547,Bores_Ti_Tree.csv
49.277,RN012584,-22.355459,133.802898,Bores_Ti_Tree.csv
49.297,RN012585,-22.355488,133.803092,Bores_Ti_Tree.csv
49.378,RN044143,-21.930049,133.406775,Bores_Ti_Tree.csv
49.517,RN044142,-21.928458,133.404759,Bores_Ti_Tree.csv
49.605,RN014861,-22.631307,133.713205,Bores_Ti_Tree.csv
49.608,RN019848,-22.631326,133.713225,Bores_Ti_Tree.csv
49.757,RN015812,-21.922672,133.377099,Bores_Ti_Tree.csv
49.786,RN003248,-21.92248,133.377788,Bores_Ti_Tree.csv
50.355,RN014856,-22.439678,133.807424,Bores_Ti_Tree.csv
50.420,RN017353,-22.29721,133.808171,Bores_Ti_Tree.csv
50.491,RN019093,-21.914489,133.289219,Bores_Ti_Tree.csv
50.645,RN019103,-21.913099,133.289255,Bores_Ti_Tree.csv
50.663,RN002656,-21.912921,133.289499,Bores_Ti_Tree.csv
50.723,RN015031,-22.528064,133.785827,Bores_Ti_Tree.csv
50.803,RN019102,-21.911486,133.292275,Bores_Ti_Tree.csv
50.848,RN018371,-21.911014,133.293426,Bores_Ti_Tree.csv
51.011,RN017403,-22.259064,133.805728,Bores_Ti_Tree.csv
51.328,RN019104,-21.905918,133.313721,Bores_Ti_Tree.csv
52.025,RN018374,-21.899993,133.301938,Bores_Ti_Tree.csv
52.078,RN018370,-21.899466,133.303367,Bores_Ti_Tree.csv
52.108,RN014857,-22.570308,133.781006,Bores_Ti_Tree.csv
52.145,RN019606,-21.944709,133.543095,Bores_Ti_Tree.csv
52.270,RN015078,-22.440691,133.82612,Bores_Ti_Tree.csv
52.459,RN016149,-21.934315,133.525829,Bores_Ti_Tree.csv
52.596,RN000447,-21.932886,133.525602,Bores_Ti_Tree.csv
53.464,RN014860,-22.712514,133.686373,Bores_Ti_Tree.csv
53.470,RN011764,-22.629591,133.760204,Bores_Ti_Tree.csv
53.502,RN014859,-22.507935,133.821752,Bores_Ti_Tree.csv
53.760,RN002532,-22.353987,133.846463,Bores_Ti_Tree.csv
54.011,RN004186,-21.881771,133.33327,Bores_Ti_Tree.csv
54.562,RN017402,-22.296865,133.848841,Bores_Ti_Tree.csv
54.924,RN010262,-21.874375,133.355892,Bores_Ti_Tree.csv
55.202,RN017423,-22.402278,133.859451,Bores_Ti_Tree.csv
55.438,RN011882,-22.445887,133.856438,Bores_Ti_Tree.csv
55.554,RN019947,-21.942211,133.607088,Bores_Ti_Tree.csv
55.795,RN015842,-22.44952,133.859324,Bores_Ti_Tree.csv
55.833,RN001617,-22.184851,133.829349,Bores_Ti_Tree.csv
57.300,RN013466,-22.689218,133.759612,Bores_Ti_Tree.csv
57.432,RN010503,-22.380181,133.882253,Bores_Ti_Tree.csv
58.115,RN013463,-22.683902,133.774161,Bores_Ti_Tree.csv
58.232,RN017424,-22.470215,133.879369,Bores_Ti_Tree.csv
58.386,RN013743,-22.428463,133.88795,Bores_Ti_Tree.csv
58.394,RN013544,-22.428393,133.888037,Bores_Ti_Tree.csv
58.412,RN017420,-22.510462,133.870747,Bores_Ti_Tree.csv
58.414,RN017425,-22.394686,133.891238,Bores_Ti_Tree.csv
58.420,RN013465,-22.67541,133.784663,Bores_Ti_Tree.csv
58.425,RN016010,-22.203348,133.863322,Bores_Ti_Tree.csv
58.724,RN012586,-22.353655,133.894739,Bores_Ti_Tree.csv
58.788,RN001615,-22.195611,133.864222,Bores_Ti_Tree.csv
58.804,RN013522,-22.712794,133.757489,Bores_Ti_Tree.csv
58.909,RN001109,-22.833536,133.596632,Bores_Ti_Tree.csv
59.006,RN013523,-22.683773,133.785114,Bores_Ti_Tree.csv
59.203,RN017419,-22.55155,133.864458,Bores_Ti_Tree.csv
59.255,RN019946,-21.943859,133.673017,Bores_Ti_Tree.csv
59.255,RN014583,-22.400422,133.899087,Bores_Ti_Tree.csv
59.694,RN013464,-22.689896,133.788532,Bores_Ti_Tree.csv
59.839,RN017421,-22.540861,133.8751,Bores_Ti_Tree.csv
59.888,RN017422,-22.540819,133.875615,Bores_Ti_Tree.csv
60.226,RN004224,-21.839187,133.453039,Bores_Ti_Tree.csv
60.351,RN017571,-22.430843,133.906896,Bores_Ti_Tree.csv
60.549,RN013545,-22.604396,133.854485,Bores_Ti_Tree.csv
61.162,RN017596,-22.623752,133.850627,Bores_Ti_Tree.csv
61.768,RN013543,-22.271567,133.915349,Bores_Ti_Tree.csv
62.213,RN017426,-22.435478,133.924544,Bores_Ti_Tree.csv
62.798,RN001616,-22.178897,133.899162,Bores_Ti_Tree.csv
63.240,RN017418,-22.570508,133.898756,Bores_Ti_Tree.csv
63.553,RN014858,-22.528594,133.917183,Bores_Ti_Tree.csv
63.629,RN014385,-22.354543,133.942481,Bores_Ti_Tree.csv
63.653,RN000446,-21.861401,133.612767,Bores_Ti_Tree.csv
63.665,RN019301,-21.864707,133.619657,Bores_Ti_Tree.csv
63.676,RN043107,-21.862615,133.615709,Bores_Ti_Tree.csv
63.771,RN004225,-21.813902,133.48582,Bores_Ti_Tree.csv
64.981,RN011388,-22.83511,133.70343,Bores_Ti_Tree.csv
65.293,RN010040,-22.214029,133.936455,Bores_Ti_Tree.csv
65.316,RN014691,-22.213189,133.936442,Bores_Ti_Tree.csv
65.405,RN011389,-22.827117,133.721366,Bores_Ti_Tree.csv
65.639,RN011387,-22.875583,133.649321,Bores_Ti_Tree.csv
65.985,RN017708,-22.736119,133.827362,Bores_Ti_Tree.csv
66.835,RN017572,-22.570218,133.936175,Bores_Ti_Tree.csv
66.865,RN017573,-22.570202,133.936496,Bores_Ti_Tree.csv
67.015,RN013547,-22.751524,133.826792,Bores_Ti_Tree.csv
67.104,RN019449,-22.621077,133.916558,Bores_Ti_Tree.csv
67.105,RN017709,-22.753677,133.825995,Bores_Ti_Tree.csv
67.136,RN012594,-22.186751,133.946448,Bores_Ti_Tree.csv
67.168,RN012593,-22.18669,133.946749,Bores_Ti_Tree.csv
67.216,RN010480,-22.360098,133.977484,Bores_Ti_Tree.csv
67.280,RN011881,-22.481469,133.966704,Bores_Ti_Tree.csv
67.736,RN012591,-22.708046,133.870671,Bores_Ti_Tree.csv
67.739,RN012590,-22.707907,133.870809,Bores_Ti_Tree.csv
68.397,RN011356,-22.673823,133.901278,Bores_Ti_Tree.csv
68.802,RN004487,-22.6153,133.937488,Bores_Ti_Tree.csv
69.496,RN012592,-22.29723,133.99527,Bores_Ti_Tree.csv
69.621,RN002454,-22.132544,133.950962,Bores_Ti_Tree.csv
69.651,RN013546,-22.803612,133.810776,Bores_Ti_Tree.csv
70.007,RN018925,-21.891581,133.768916,Bores_Ti_Tree.csv
70.024,RN018924,-21.89161,133.769197,Bores_Ti_Tree.csv
70.617,RN014122,-22.523872,133.989831,Bores_Ti_Tree.csv
70.755,RN013744,-22.099633,133.94746,Bores_Ti_Tree.csv
70.771,RN013542,-22.099487,133.947562,Bores_Ti_Tree.csv
71.575,RN013205,-21.888638,133.788314,Bores_Ti_Tree.csv
71.592,RN013336,-22.644983,133.952717,Bores_Ti_Tree.csv
71.694,RN018911,-22.674061,133.937877,Bores_Ti_Tree.csv
71.702,RN018900,-22.674115,133.937935,Bores_Ti_Tree.csv
71.776,RN000651,-22.393657,134.021379,Bores_Ti_Tree.csv
72.714,RN018923,-21.861918,133.771658,Bores_Ti_Tree.csv
72.715,RN018922,-21.861854,133.771581,Bores_Ti_Tree.csv
72.965,RN000922,-21.79224,133.664705,Bores_Ti_Tree.csv
72.965,RN003947,-21.79224,133.664705,Bores_Ti_Tree.csv
73.187,RN019300,-21.811942,133.704902,Bores_Ti_Tree.csv
73.461,RN012587,-22.454073,134.03233,Bores_Ti_Tree.csv
73.724,RN014582,-22.487685,134.029244,Bores_Ti_Tree.csv
73.864,RN000921,-21.815298,133.722483,Bores_Ti_Tree.csv
73.864,RN002550,-21.815298,133.722483,Bores_Ti_Tree.csv
74.536,RN001481,-21.786705,133.685172,Bores_Ti_Tree.csv
74.596,RN010479,-22.443633,134.044817,Bores_Ti_Tree.csv
74.629,RN015841,-22.392035,134.049211,Bores_Ti_Tree.csv
74.845,RN002616,-22.358897,134.05166,Bores_Ti_Tree.csv
74.909,RN018330,-21.905963,133.853741,Bores_Ti_Tree.csv
74.914,RN017916,-21.905778,133.853611,Bores_Ti_Tree.csv
75.415,RN002793,-22.742801,133.935542,Bores_Ti_Tree.csv
75.422,RN018912,-22.741472,133.936568,Bores_Ti_Tree.csv
75.644,RN000444,-21.797246,133.724307,Bores_Ti_Tree.csv
75.981,RN002538,-21.909181,133.871101,Bores_Ti_Tree.csv
75.981,RN010703,-21.909181,133.871101,Bores_Ti_Tree.csv
76.008,RN016457,-21.764812,133.672037,Bores_Ti_Tree.csv
76.011,RN014701,-22.49012,134.051395,Bores_Ti_Tree.csv
76.095,RN011390,-22.861735,133.836557,Bores_Ti_Tree.csv
77.557,RN018823,-21.778319,133.726838,Bores_Ti_Tree.csv
77.559,RN018824,-21.778301,133.726838,Bores_Ti_Tree.csv
77.561,RN018825,-21.778283,133.726839,Bores_Ti_Tree.csv
77.721,RN018886,-21.77361,133.721725,Bores_Ti_Tree.csv
77.723,RN018885,-21.773601,133.721735,Bores_Ti_Tree.csv
77.725,RN018884,-21.773592,133.721754,Bores_Ti_Tree.csv
78.094,RN013337,-22.536284,134.061504,Bores_Ti_Tree.csv
78.551,RN018827,-21.762686,133.717877,Bores_Ti_Tree.csv
78.551,RN018828,-21.762677,133.717867,Bores_Ti_Tree.csv
78.560,RN018826,-21.762614,133.717916,Bores_Ti_Tree.csv
78.613,RN018883,-21.75925,133.71285,Bores_Ti_Tree.csv
78.618,RN018882,-21.759224,133.712889,Bores_Ti_Tree.csv
78.618,RN018881,-21.759233,133.712908,Bores_Ti_Tree.csv
78.721,RN018830,-21.753493,133.704266,Bores_Ti_Tree.csv
78.721,RN018587,-21.753483,133.704257,Bores_Ti_Tree.csv
78.721,RN018829,-21.753502,133.704295,Bores_Ti_Tree.csv
78.746,RN011393,-22.894735,133.836032,Bores_Ti_Tree.csv
78.840,RN003941,-22.430016,134.087771,Bores_Ti_Tree.csv
78.996,RN019448,-22.431315,134.089165,Bores_Ti_Tree.csv
79.296,RN042859,-21.6956,133.581888,Bores_Ti_Tree.csv
79.506,RN000785,-22.509024,134.082143,Bores_Ti_Tree.csv
79.781,RN013747,-21.975132,133.972592,Bores_Ti_Tree.csv
79.781,RN013746,-21.975132,133.972592,Bores_Ti_Tree.csv
80.026,RN017805,-21.975238,133.975502,Bores_Ti_Tree.csv
80.070,RN011788,-22.183837,134.076321,Bores_Ti_Tree.csv
80.238,RN010041,-21.696052,133.609214,Bores_Ti_Tree.csv
80.791,RN001299,-22.022797,134.014704,Bores_Ti_Tree.csv
80.881,RN011392,-22.927625,133.826604,Bores_Ti_Tree.csv
80.925,RN002547,-21.803634,133.820536,Bores_Ti_Tree.csv
81.013,RN013745,-21.968688,133.982323,Bores_Ti_Tree.csv
81.554,RN012589,-22.625193,134.067076,Bores_Ti_Tree.csv
81.710,RN012588,-22.624545,134.068962,Bores_Ti_Tree.csv
81.780,RN019013,-22.935509,133.83004,Bores_Ti_Tree.csv
81.915,RN001298,-22.265665,134.112568,Bores_Ti_Tree.csv
82.051,RN019447,-22.267172,134.114136,Bores_Ti_Tree.csv
82.285,RN003981,-22.33697,134.123323,Bores_Ti_Tree.csv
82.371,RN010707,-21.729552,133.730261,Bores_Ti_Tree.csv
82.430,RN011878,-22.857229,133.926661,Bores_Ti_Tree.csv
82.483,RN019175,-22.33773,134.125285,Bores_Ti_Tree.csv
82.534,RN001301,-22.185485,134.101515,Bores_Ti_Tree.csv
82.876,RN014016,-22.098896,134.074985,Bores_Ti_Tree.csv
83.013,RN016045,-22.218059,134.11442,Bores_Ti_Tree.csv
83.013,RN016046,-22.218059,134.11442,Bores_Ti_Tree.csv
83.021,RN002167,-22.684734,134.055547,Bores_Ti_Tree.csv
83.103,RN011964,-22.105854,134.080223,Bores_Ti_Tree.csv
83.214,RN014351,-21.733607,133.753173,Bores_Ti_Tree.csv
83.234,RN016148,-21.733555,133.753453,Bores_Ti_Tree.csv
83.252,RN014352,-21.733484,133.753657,Bores_Ti_Tree.csv
83.288,RN010709,-21.729795,133.747923,Bores_Ti_Tree.csv
83.519,RN003344,-22.210499,134.117718,Bores_Ti_Tree.csv
83.795,RN002549,-21.731449,133.760042,Bores_Ti_Tree.csv
83.806,RN014350,-21.733408,133.763545,Bores_Ti_Tree.csv
84.112,RN010199,-22.57125,134.112182,Bores_Ti_Tree.csv
84.274,RN010715,-21.726762,133.760734,Bores_Ti_Tree.csv
84.300,RN016147,-21.726573,133.76089,Bores_Ti_Tree.csv
84.332,RN010711,-21.726691,133.761668,Bores_Ti_Tree.csv
84.371,RN010714,-21.726248,133.761624,Bores_Ti_Tree.csv
84.372,RN010713,-21.726871,133.762692,Bores_Ti_Tree.csv
84.491,RN011886,-22.207023,134.126568,Bores_Ti_Tree.csv
84.543,RN002106,-21.718804,133.751856,Bores_Ti_Tree.csv
84.644,RN002548,-21.716685,133.749989,Bores_Ti_Tree.csv
84.825,RN010198,-22.430967,134.146113,Bores_Ti_Tree.csv
85.017,RN010712,-21.72178,133.765713,Bores_Ti_Tree.csv
85.213,RN010708,-21.722475,133.770434,Bores_Ti_Tree.csv
85.332,RN010710,-21.713413,133.757007,Bores_Ti_Tree.csv
85.536,RN011680,-22.512403,134.141228,Bores_Ti_Tree.csv
85.835,RN003016,-22.904178,133.924966,Bores_Ti_Tree.csv
85.908,RN002177,-22.899466,133.930823,Bores_Ti_Tree.csv
86.460,RN017127,-22.348343,134.164383,Bores_Ti_Tree.csv
86.504,RN011879,-22.904292,133.933876,Bores_Ti_Tree.csv
86.510,RN002795,-22.899888,133.938464,Bores_Ti_Tree.csv
86.510,RN002794,-22.899888,133.938464,Bores_Ti_Tree.csv
86.510,RN002789,-22.899888,133.938464,Bores_Ti_Tree.csv
86.555,RN002176,-22.903346,133.935541,Bores_Ti_Tree.csv
86.623,RN001300,-22.087949,134.109418,Bores_Ti_Tree.csv
86.837,RN011636,-22.461359,134.162507,Bores_Ti_Tree.csv
86.869,RN016198,-22.779511,134.042651,Bores_Ti_Tree.csv
86.916,RN002168,-22.780567,134.042488,Bores_Ti_Tree.csv
87.345,RN019974,-22.089355,134.117508,Bores_Ti_Tree.csv
87.418,RN011635,-22.43155,134.171373,Bores_Ti_Tree.csv
88.345,RN003930,-22.350298,134.18277,Bores_Ti_Tree.csv
88.635,RN015025,-22.970846,133.888328,Bores_Ti_Tree.csv
88.635,RN015024,-22.970846,133.888328,Bores_Ti_Tree.csv
88.635,RN002173,-22.970846,133.888328,Bores_Ti_Tree.csv
88.651,RN011634,-22.461559,134.180263,Bores_Ti_Tree.csv
88.740,RN017804,-21.919783,134.037183,Bores_Ti_Tree.csv
88.792,RN019132,-22.970872,133.890633,Bores_Ti_Tree.csv
89.093,RN003183,-21.798243,133.932438,Bores_Ti_Tree.csv
89.110,RN002181,-22.408634,134.189443,Bores_Ti_Tree.csv
89.138,RN015528,-22.04313,134.115716,Bores_Ti_Tree.csv
89.687,RN015029,-22.932797,133.947208,Bores_Ti_Tree.csv
89.687,RN002175,-22.932797,133.947208,Bores_Ti_Tree.csv
89.832,RN012891,-22.978097,133.897097,Bores_Ti_Tree.csv
90.173,RN002791,-22.801327,134.065882,Bores_Ti_Tree.csv
90.347,RN004444,-22.937538,133.95119,Bores_Ti_Tree.csv
90.347,RN004445,-22.937538,133.95119,Bores_Ti_Tree.csv
90.347,RN004443,-22.937538,133.95119,Bores_Ti_Tree.csv
91.203,RN018345,-22.449058,134.206674,Bores_Ti_Tree.csv
91.305,RN015635,-22.45341,134.207201,Bores_Ti_Tree.csv
92.092,RN015461,-22.450919,134.21517,Bores_Ti_Tree.csv
92.109,RN018316,-22.448975,134.215538,Bores_Ti_Tree.csv
92.109,RN001775,-22.448898,134.215546,Bores_Ti_Tree.csv
92.171,RN018344,-22.450793,134.215955,Bores_Ti_Tree.csv
92.822,RN018185,-22.684238,134.159983,Bores_Ti_Tree.csv
92.835,RN001832,-22.68425,134.160119,Bores_Ti_Tree.csv
93.522,RN019975,-22.171763,134.207796,Bores_Ti_Tree.csv
93.605,RN003940,-22.395724,134.233758,Bores_Ti_Tree.csv
93.670,RN012852,-22.396125,134.234378,Bores_Ti_Tree.csv
93.670,RN015032,-22.396125,134.234378,Bores_Ti_Tree.csv
93.670,RN001499,-22.396125,134.234378,Bores_Ti_Tree.csv
93.689,RN015023,-22.933635,133.999988,Bores_Ti_Tree.csv
93.689,RN002170,-22.933635,133.999988,Bores_Ti_Tree.csv
93.710,RN002169,-22.933906,133.999996,Bores_Ti_Tree.csv
93.979,RN018626,-23.024687,133.899824,Bores_Ti_Tree.csv
94.068,RN017124,-23.025851,133.899649,Bores_Ti_Tree.csv
94.131,RN003938,-22.555851,134.216936,Bores_Ti_Tree.csv
94.131,RN016300,-22.555851,134.216936,Bores_Ti_Tree.csv
94.842,RN000350,-22.483486,134.238014,Bores_Ti_Tree.csv
94.853,RN012853,-22.483369,134.238137,Bores_Ti_Tree.csv
94.940,RN015030,-22.947239,134.003049,Bores_Ti_Tree.csv
95.140,RN017125,-22.951619,134.001304,Bores_Ti_Tree.csv
95.262,RN012433,-22.477069,134.243032,Bores_Ti_Tree.csv
95.488,RN010004,-22.899184,134.054439,Bores_Ti_Tree.csv
95.488,RN007488,-22.899184,134.054439,Bores_Ti_Tree.csv
95.540,RN019938,-22.900069,134.05433,Bores_Ti_Tree.csv
95.547,RN015027,-22.483401,134.244941,Bores_Ti_Tree.csv
96.267,RN019963,-22.919497,134.046472,Bores_Ti_Tree.csv
96.602,RN015077,-22.437682,134.260484,Bores_Ti_Tree.csv
96.818,RN015843,-22.436509,134.262687,Bores_Ti_Tree.csv
96.847,RN000652,-22.35335,134.265533,Bores_Ti_Tree.csv
96.856,RN013335,-22.975301,133.999995,Bores_Ti_Tree.csv
97.157,RN019012,-22.977985,134.001266,Bores_Ti_Tree.csv
97.173,RN003244,-22.373348,134.268877,Bores_Ti_Tree.csv
97.222,RN003937,-22.430657,134.26709,Bores_Ti_Tree.csv
97.476,RN013334,-22.979473,134.004042,Bores_Ti_Tree.csv
97.809,RN018186,-22.634984,134.230864,Bores_Ti_Tree.csv
97.814,RN043579,-22.634735,134.231004,Bores_Ti_Tree.csv
97.852,RN001132,-22.634845,134.231349,Bores_Ti_Tree.csv
98.510,RN015026,-22.864468,134.11832,Bores_Ti_Tree.csv
98.510,RN002166,-22.864468,134.11832,Bores_Ti_Tree.csv
117.235,RN005626 - WE FV.csv,-22.163176,134.441561,locations_index.csv
