#Data Set Export - Depth Below Ground.Field Visits@RN005626,,
Latest telemetry data is sourced directly from logging devices and is unverified. No guarantee is made as to the accuracy or reliability of the data until it is approved. Use with caution.,,
Timestamp (UTC+09:30),Event Timestamp (UTC+09:30),Value (m)
1967-02-21 00:00:00,,-10.83
1967-03-14 00:00:00,,-10.84
1967-04-04 00:00:00,,-10.87
1967-04-19 00:00:00,,-10.87
1967-05-03 00:00:00,,-10.84
1967-05-19 00:00:00,,-10.86
1967-06-07 00:00:00,,-10.84
1967-06-21 00:00:00,,-10.86
1967-07-05 00:00:00,,-10.86
1967-08-02 00:00:00,,-10.87
1967-10-24 00:00:00,,-10.84
1968-06-13 00:00:00,,-10.84
1968-09-17 00:00:00,,-10.8
1968-11-27 00:00:00,,-10.76
1969-02-19 00:00:00,,-10.69
1969-05-09 00:00:00,,-10.64
1969-08-21 00:00:00,,-10.62
1969-11-25 00:00:00,,-10.59
1970-05-28 00:00:00,,-10.6
1970-07-14 00:00:00,,-10.59
1970-09-23 00:00:00,,-10.59
1970-11-18 00:00:00,,-10.6
1973-05-25 00:00:00,,-10.5
1973-10-11 00:00:00,,-10.46
1975-08-20 00:00:00,,-9.36
1975-09-24 00:00:00,,-9.35
1975-10-22 00:00:00,,-9.29
1975-11-28 00:00:00,,-9.29
1976-03-09 00:00:00,,-8.32
1976-03-31 00:00:00,,-8.26
1976-05-01 00:00:00,,-7.93
1976-05-21 00:00:00,,-8.05
1976-06-09 00:00:00,,-8.12
1976-07-25 00:00:00,,-8.1
1976-08-11 00:00:00,,-7.86
1976-09-08 00:00:00,,-7.84
1976-10-28 00:00:00,,-7.86
1977-03-15 00:00:00,,-8.1
1977-06-21 00:00:00,,-7.78
1977-08-11 00:00:00,,-7.8
1977-09-20 00:00:00,,-7.98
1977-11-03 00:00:00,,-7.96
1977-12-06 00:00:00,,-8.06
1978-01-17 00:00:00,,-8.03
1978-02-28 00:00:00,,-8.1
1978-04-18 00:00:00,,-8.15
1978-07-06 00:00:00,,-8.21
1978-08-18 00:00:00,,-8.19
1978-11-09 00:00:00,,-8.32
1979-01-31 00:00:00,,-8.4
1979-03-14 00:00:00,,-8.44
1979-05-01 00:00:00,,-8.45
1979-06-13 00:00:00,,-8.44
1979-07-27 00:00:00,,-8.51
1979-09-14 00:00:00,,-8.53
1979-11-01 00:00:00,,-8.52
1980-01-04 00:00:00,,-8.5
1980-02-12 00:00:00,,-8.52
1980-04-10 00:00:00,,-8.55
1980-05-12 00:00:00,,-8.58
1980-06-04 00:00:00,,-8.6
1980-06-19 00:00:00,,-8.6
1980-08-05 00:00:00,,-8.61
1980-09-09 00:00:00,,-8.57
1980-10-22 00:00:00,,-8.65
1980-12-01 00:00:00,,-8.59
1981-01-12 00:00:00,,-8.71
1981-02-17 00:00:00,,-8.64
1981-05-06 00:00:00,,-8.7
1981-08-10 00:00:00,,-8.68
1981-10-19 00:00:00,,-8.76
1982-02-25 00:00:00,,-8.78
1982-04-06 00:00:00,,-8.76
1982-05-20 00:00:00,,-8.89
1982-07-24 00:00:00,,-8.81
1982-08-12 00:00:00,,-8.77
1982-09-23 00:00:00,,-8.78
1982-11-04 00:00:00,,-8.79
1982-12-16 00:00:00,,-8.77
1983-01-27 00:00:00,,-8.85
1983-04-21 00:00:00,,-8.78
1983-06-02 00:00:00,,-8.78
1983-07-14 00:00:00,,-8.7
1983-08-25 00:00:00,,-8.65
1983-10-06 00:00:00,,-8.55
1983-11-18 00:00:00,,-8.53
1983-12-20 00:00:00,,-8.52
1984-02-16 00:00:00,,-8.47
1984-03-30 00:00:00,,-8.44
1984-05-18 00:00:00,,-8.38
1984-07-04 00:00:00,,-8.39
1984-09-06 00:00:00,,-8.35
1984-10-19 00:00:00,,-8.46
1984-12-04 00:00:00,,-8.35
1985-01-18 00:00:00,,-8.41
1985-02-27 00:00:00,,-8.39
1985-04-19 00:00:00,,-8.47
1985-06-19 00:00:00,,-8.43
1985-07-31 00:00:00,,-8.5
1985-09-17 00:00:00,,-8.44
1985-10-22 00:00:00,,-8.45
1985-12-10 00:00:00,,-8.51
1986-01-30 00:00:00,,-8.53
1986-05-21 00:00:00,,-8.57
1986-07-02 00:00:00,,-8.58
1986-08-19 00:00:00,,-8.62
1986-09-23 00:00:00,,-8.6
1986-10-28 00:00:00,,-8.64
1986-12-16 00:00:00,,-8.65
1987-02-03 00:00:00,,-8.67
1987-03-24 00:00:00,,-8.69
1987-04-28 00:00:00,,-8.72
1987-07-07 00:00:00,,-8.74
1987-12-10 00:00:00,,-8.78
1988-05-16 00:00:00,,-8.76
1988-11-21 00:00:00,,-8.86
1989-05-22 00:00:00,,-8.93
1989-11-13 00:00:00,,-8.98
1990-06-04 00:00:00,,-9.06
1990-11-27 00:00:00,,-9.13
1991-03-12 00:00:00,,-8.97
1991-06-04 00:00:00,,-8.58
1991-11-25 00:00:00,,-8.56
1992-06-02 00:00:00,,-8.59
1992-12-08 00:00:00,,-8.74
1993-06-24 00:00:00,,-8.86
1993-12-06 00:00:00,,-8.9
1994-06-06 00:00:00,,-8.97
1994-12-08 00:00:00,,-9.08
1995-01-23 00:00:00,,-9.07
1995-06-19 00:00:00,,-9.17
1995-11-29 00:00:00,,-9.15
1996-06-24 00:00:00,,-9.25
1996-11-27 00:00:00,,-9.29
1997-05-14 00:00:00,,-9.32
1997-11-18 00:00:00,,-9.43
1998-06-02 00:00:00,,-9.42
1998-12-15 00:00:00,,-9.51
1999-08-11 00:00:00,,-9.57
2000-02-08 00:00:00,,-9.59
2000-08-30 00:00:00,,-9.46
2001-02-21 00:00:00,,-9.47
2002-09-27 08:05:00,,-9.475
2002-11-09 12:15:00,,-9.5
2003-05-13 00:00:00,,-9.49
2004-01-20 00:00:00,,-9.64
2005-04-27 14:00:00,,-9.74
2006-11-23 07:40:00,,-9.9
2007-03-01 10:00:00,,-9.91
2007-03-16 09:30:00,,-9.94
2008-08-20 08:11:00,,-10.04
2009-05-12 08:40:00,,-10.16
2009-11-11 14:50:00,,-10.15
2010-06-08 16:21:00,,-10.21
2010-11-30 16:50:00,,-10.23
2011-07-27 09:47:00,,-10.36
2012-06-22 09:00:00,,-10.42
2013-03-13 09:33:00,,-10.5
2019-11-27 09:20:00,,-10.9
2022-08-17 12:45:00,,-10.95
2023-06-21 12:47:00,,-11.01
2023-10-25 12:49:00,,-11.04
2024-08-27 10:13:00,,-11.11
2024-12-05 11:30:00,,-11.11
