Bore no,Name,Bore report,Yield (L/s),Completion date,Drilled depth (m),Completion depth (m),Depth to water (m) at date of drilling,Purpose,Construction,Status,Latitude,Longitude,UTM zone,Easting,Northing,Position accuracy,Water data portal
RN016704,Ti Tree Monitoring Bore,http://www.ntlis.nt.gov.au/hpa-services/borereport?bore=RN016704,10,00:00.0,59.5,59.4,26.9,Monitoring,Constructed&Capped,Current,-22.241663,133.424608,53,337649,7539579,GPS,https://ntg.aquaticinformatics.net/AQWebportal/Data/Location/Summary/Location/RN016704/Interval/Latest
RN016705,Ti Tree Monitoring Bore,http://www.ntlis.nt.gov.au/hpa-services/borereport?bore=RN016705,3,00:00.0,56.4,56.3,28.6,Monitoring,Constructed&Capped,Current,-22.251034,133.412191,53,336380,7538528,GPS,https://ntg.aquaticinformatics.net/AQWebportal/Data/Location/Summary/Location/RN016705/Interval/Latest
RN012156,Pine Hill Station,http://www.ntlis.nt.gov.au/hpa-services/borereport?bore=RN012156,6,00:00.0,72.9,72.9,0,Monitoring,Constructed&Capped,Current,-22.353915,133.649125,53,360901,7527375,GPS,https://ntg.aquaticinformatics.net/AQWebportal/Data/Location/Summary/Location/RN012156/Interval/Latest
RN012154,Pine Hill Station,http://www.ntlis.nt.gov.au/hpa-services/borereport?bore=RN012154,3.5,00:00.0,98.8,0,0,Monitoring,Constructed&Capped,Current,-22.366488,133.485763,53,344091,7525823,GPS,https://ntg.aquaticinformatics.net/AQWebportal/Data/Location/Summary/Location/RN012154/Interval/Latest
RN016682,Ti Tree Area,http://www.ntlis.nt.gov.au/hpa-services/borereport?bore=RN016682,5,00:00.0,59.5,53.9,36.39,Monitoring,Constructed&Capped,Current,-22.282051,133.319076,53,326821,7534990,GPS,https://ntg.aquaticinformatics.net/AQWebportal/Data/Location/Summary/Location/RN016682/Interval/Latest
RN016681,Ti Tree Area,http://www.ntlis.nt.gov.au/hpa-services/borereport?bore=RN016681,5,00:00.0,65.5,52.6,22.03,Monitoring,Constructed&Capped,Current,-22.281922,133.488684,53,344298,7535189,GPS,https://ntg.aquaticinformatics.net/AQWebportal/Data/Location/Summary/Location/RN016681/Interval/Latest
RN016680,Ti Tree Area,http://www.ntlis.nt.gov.au/hpa-services/borereport?bore=RN016680,10,00:00.0,77.5,77.5,,Monitoring,Constructed&Capped,Current,-22.282082,133.557899,53,351430,7535241,GPS,https://ntg.aquaticinformatics.net/AQWebportal/Data/Location/Summary/Location/RN016680/Interval/Latest
RN016686,Pine Hill Station,http://www.ntlis.nt.gov.au/hpa-services/borereport?bore=RN016686,5,00:00.0,65.6,64,28.65,Monitoring,Constructed&Capped,Current,-22.405242,133.237129,53,318536,7521253,GPS,https://ntg.aquaticinformatics.net/AQWebportal/Data/Location/Summary/Location/RN016686/Interval/Latest
RN016685,Pine Hill Station,http://www.ntlis.nt.gov.au/hpa-services/borereport?bore=RN016685,0.4,00:00.0,107.7,107.2,60.18,Monitoring,Constructed&Capped,Current,-22.442128,133.354616,53,330677,7517306,GPS,https://ntg.aquaticinformatics.net/AQWebportal/Data/Location/Summary/Location/RN016685/Interval/Latest
RN016684,Ti Tree Area,http://www.ntlis.nt.gov.au/hpa-services/borereport?bore=RN016684,0.2,00:00.0,106.6,106.2,0,Monitoring,Constructed&Capped,Current,-22.282062,133.249187,53,319619,7534907,GPS,https://ntg.aquaticinformatics.net/AQWebportal/Data/Location/Summary/Location/RN016684/Interval/Latest
RN016683,Ti Tree Area,http://www.ntlis.nt.gov.au/hpa-services/borereport?bore=RN016683,10,00:00.0,71.5,66.9,26.12,Monitoring,Constructed&Capped,Current,-22.266826,133.382369,53,333325,7536747,GPS,https://ntg.aquaticinformatics.net/AQWebportal/Data/Location/Summary/Location/RN016683/Interval/Latest
RN010673,Monitoring Bore Ti Tree Area,http://www.ntlis.nt.gov.au/hpa-services/borereport?bore=RN010673,6,00:00.0,75.7,0,0,Monitoring,Constructed&Capped,Current,-22.207904,133.428574,53,338019,7543321,GPS,https://ntg.aquaticinformatics.net/AQWebportal/Data/Location/Summary/Location/RN010673/Interval/Latest
RN014188,Pine Hill Station,http://www.ntlis.nt.gov.au/hpa-services/borereport?bore=RN014188,15,00:00.0,57,54,17.2,Monitoring,Constructed&Capped,Current,-22.469278,133.57693,53,353587,7514534,GPS,https://ntg.aquaticinformatics.net/AQWebportal/Data/Location/Summary/Location/RN014188/Interval/Latest
RN005723,Monitoring Bore Ti Tree Area,http://www.ntlis.nt.gov.au/hpa-services/borereport?bore=RN005723,8.4,00:00.0,61,0,0,Monitoring,,Current,-22.201708,133.413716,53,336480,7543991,GPS,https://ntg.aquaticinformatics.net/AQWebportal/Data/Location/Summary/Location/RN005723/Interval/Latest
RN005724,Ti Tree Area,http://www.ntlis.nt.gov.au/hpa-services/borereport?bore=RN005724,7.5,00:00.0,61.6,61.6,0,Monitoring,Constructed&Capped,Current,-22.243055,133.41361,53,336517,7539413,GPS,https://ntg.aquaticinformatics.net/AQWebportal/Data/Location/Summary/Location/RN005724/Interval/Latest
RN018900,Monitoring Bore Bushy Park Station,http://www.ntlis.nt.gov.au/hpa-services/borereport?bore=RN018900,1,00:00.0,88.1,91.6,52.35,Investigation,Constructed&Capped,Current,-22.674115,133.937935,53,390894,7492165,GPS,https://ntg.aquaticinformatics.net/AQWebportal/Data/Location/Summary/Location/RN018900/Interval/Latest
RN005725,Ti Tree Area,http://www.ntlis.nt.gov.au/hpa-services/borereport?bore=RN005725,8.8,00:00.0,61.6,0,0,Monitoring,Constructed&Capped,Current,-22.243172,133.413609,53,336517,7539400,GPS,https://ntg.aquaticinformatics.net/AQWebportal/Data/Location/Summary/Location/RN005725/Interval/Latest
RN014409,Monitoring Bore Territory Grape Farm,http://www.ntlis.nt.gov.au/hpa-services/borereport?bore=RN014409,7,00:00.0,69,65,16.4,Monitoring,Constructed&Capped,Current,-22.449311,133.659504,53,362064,7516823,GPS,https://ntg.aquaticinformatics.net/AQWebportal/Data/Location/Summary/Location/RN014409/Interval/Latest
RN018912,Monitoring Bore Bushy Park Station,http://www.ntlis.nt.gov.au/hpa-services/borereport?bore=RN018912,1,00:00.0,73.3,73.3,46.97,Investigation,Constructed&Capped,Current,-22.741472,133.936568,53,390807,7484707,GPS,https://ntg.aquaticinformatics.net/AQWebportal/Data/Location/Summary/Location/RN018912/Interval/Latest
RN005507,Ti Tree Area,http://www.ntlis.nt.gov.au/hpa-services/borereport?bore=RN005507,4.5,00:00.0,67.4,0,0,Monitoring,Constructed&Capped,Current,-22.222336,133.41363,53,336495,7541707,GPS,https://ntg.aquaticinformatics.net/AQWebportal/Data/Location/Summary/Location/RN005507/Interval/Latest
RN005506,Ti Tree Area,http://www.ntlis.nt.gov.au/hpa-services/borereport?bore=RN005506,0.6,00:00.0,36.9,0,0,Monitoring,Constructed&Capped,Current,-22.146624,133.41383,53,336428,7550090,GPS,https://ntg.aquaticinformatics.net/AQWebportal/Data/Location/Summary/Location/RN005506/Interval/Latest
RN012581,Woodgreen Station,http://www.ntlis.nt.gov.au/hpa-services/borereport?bore=RN012581,10,00:00.0,162.6,162.6,0,Monitoring,Constructed&Capped,Current,-22.43375,133.752072,53,371576,7518628,GPS,https://ntg.aquaticinformatics.net/AQWebportal/Data/Location/Summary/Location/RN012581/Interval/Latest
RN013926,Pine Hill Station,http://www.ntlis.nt.gov.au/hpa-services/borereport?bore=RN013926,10,00:00.0,57,57,27.27,Monitoring,Constructed&Capped,Current,-22.511092,133.573353,53,353263,7509901,GPS,https://ntg.aquaticinformatics.net/AQWebportal/Data/Location/Summary/Location/RN013926/Interval/Latest
RN013927,Pine Hill Station,http://www.ntlis.nt.gov.au/hpa-services/borereport?bore=RN013927,5.5,00:00.0,82,0,0,Monitoring,Constructed&Capped,Current,-22.502675,133.523302,53,348105,7510783,GPS,https://ntg.aquaticinformatics.net/AQWebportal/Data/Location/Summary/Location/RN013927/Interval/Latest
RN013924,Pine Hill Station,http://www.ntlis.nt.gov.au/hpa-services/borereport?bore=RN013924,10,00:00.0,88,88,0,Monitoring,Constructed&Capped,Current,-22.393565,133.50912,53,346526,7522849,GPS,https://ntg.aquaticinformatics.net/AQWebportal/Data/Location/Summary/Location/RN013924/Interval/Latest
RN013925,Pine Hill Station,http://www.ntlis.nt.gov.au/hpa-services/borereport?bore=RN013925,6,00:00.0,97,97,0,Monitoring,Constructed&Capped,Current,-22.424807,133.543828,53,350133,7519425,GPS,https://ntg.aquaticinformatics.net/AQWebportal/Data/Location/Summary/Location/RN013925/Interval/Latest
RN005526,Ti Tree Area,http://www.ntlis.nt.gov.au/hpa-services/borereport?bore=RN005526,4.5,00:00.0,79.9,79.9,0,Monitoring,Constructed&Capped,Current,-22.146385,133.317822,53,326525,7550010,GPS,https://ntg.aquaticinformatics.net/AQWebportal/Data/Location/Summary/Location/RN005526/Interval/Latest
RN013931,Pine Hill Station,http://www.ntlis.nt.gov.au/hpa-services/borereport?bore=RN013931,10,00:00.0,90,0,0,Monitoring,Constructed&Capped,Current,-22.368418,133.5957,53,355414,7525719,GPS,https://ntg.aquaticinformatics.net/AQWebportal/Data/Location/Summary/Location/RN013931/Interval/Latest
RN013695,Pine Hill Station,http://www.ntlis.nt.gov.au/hpa-services/borereport?bore=RN013695,2.8,00:00.0,45,45,36,Monitoring,Constructed&Capped,Current,-22.51443,133.625824,53,358664,7509582,GPS,https://ntg.aquaticinformatics.net/AQWebportal/Data/Location/Summary/Location/RN013695/Interval/Latest
RN017403,Monitoring Bore Ahakeye Land Trust,http://www.ntlis.nt.gov.au/hpa-services/borereport?bore=RN017403,5,00:00.0,66.6,53.6,7.02,Monitoring,Constructed&Capped,Current,-22.259064,133.805728,53,376945,7538012,GPS,https://ntg.aquaticinformatics.net/AQWebportal/Data/Location/Summary/Location/RN017403/Interval/Latest
RN012594,Ti Tree Area,http://www.ntlis.nt.gov.au/hpa-services/borereport?bore=RN012594,5,00:00.0,110.1,0,0,Monitoring,Constructed&Capped,Current,-22.186751,133.946448,53,391390,7546125,GPS,https://ntg.aquaticinformatics.net/AQWebportal/Data/Location/Summary/Location/RN012594/Interval/Latest
RN012593,Ti Tree Area,http://www.ntlis.nt.gov.au/hpa-services/borereport?bore=RN012593,3,00:00.0,106.9,0,0,Monitoring,Constructed&Capped,Current,-22.18669,133.946749,53,391421,7546132,GPS,https://ntg.aquaticinformatics.net/AQWebportal/Data/Location/Summary/Location/RN012593/Interval/Latest
RN013936,Pine Hill Station,http://www.ntlis.nt.gov.au/hpa-services/borereport?bore=RN013936,6,00:00.0,83,0,14.6,Monitoring,Constructed&Capped,Current,-22.418581,133.60596,53,356522,7520175,GPS,https://ntg.aquaticinformatics.net/AQWebportal/Data/Location/Summary/Location/RN013936/Interval/Latest
RN017218,Nturiya East,http://www.ntlis.nt.gov.au/hpa-services/borereport?bore=RN017218,13,00:00.0,102.5,66.7,0,Monitoring,Constructed&Capped,Current,-22.154469,133.322351,53,327002,7549120,GPS,https://ntg.aquaticinformatics.net/AQWebportal/Data/Location/Summary/Location/RN017218/Interval/Latest
RN018594,Ti Tree Area,http://www.ntlis.nt.gov.au/hpa-services/borereport?bore=RN018594,25,00:00.0,345.3,271.8,29.7,Monitoring,Constructed&Capped,Current,-22.282629,133.416978,53,336910,7535035,GPS,https://ntg.aquaticinformatics.net/AQWebportal/Data/Location/Summary/Location/RN018594/Interval/Latest
RN013461,Ti Tree Area,http://www.ntlis.nt.gov.au/hpa-services/borereport?bore=RN013461,8,00:00.0,51,51,0,Monitoring,Constructed&Capped,Current,-22.222341,133.435572,53,338757,7541730,GPS,https://ntg.aquaticinformatics.net/AQWebportal/Data/Location/Summary/Location/RN013461/Interval/Latest
RN013462,Ti Tree Area,http://www.ntlis.nt.gov.au/hpa-services/borereport?bore=RN013462,3,00:00.0,60.7,57,0,Monitoring,Constructed&Capped,Current,-22.255769,133.443196,53,339581,7538037,GPS,https://ntg.aquaticinformatics.net/AQWebportal/Data/Location/Summary/Location/RN013462/Interval/Latest
RN017857,Monitoring Bore Ti Tree Area,http://www.ntlis.nt.gov.au/hpa-services/borereport?bore=RN017857,3.3,00:00.0,50.6,50.5,12.56,Investigation,Observation,Current,-22.187733,133.455663,53,340789,7545583,GPS,https://ntg.aquaticinformatics.net/AQWebportal/Data/Location/Summary/Location/RN017857/Interval/Latest
RN005570,Ti Tree Area,http://www.ntlis.nt.gov.au/hpa-services/borereport?bore=RN005570,0.9,00:00.0,54.3,54.3,0,Monitoring,Constructed&Capped,Current,-22.14002,133.398868,53,334877,7550805,GPS,https://ntg.aquaticinformatics.net/AQWebportal/Data/Location/Summary/Location/RN005570/Interval/Latest
RN014099,Ti Tree Area,http://www.ntlis.nt.gov.au/hpa-services/borereport?bore=RN014099,4,00:00.0,56,56,0,Monitoring,Constructed&Capped,Current,-22.223208,133.427133,53,337888,7541625,GPS,https://ntg.aquaticinformatics.net/AQWebportal/Data/Location/Summary/Location/RN014099/Interval/Latest
RN005588,Ti Tree Area,http://www.ntlis.nt.gov.au/hpa-services/borereport?bore=RN005588,0.1,00:00.0,15.5,15.5,0,Monitoring,Constructed&Capped,Current,-22.1329,133.443397,53,339462,7551641,GPS,https://ntg.aquaticinformatics.net/AQWebportal/Data/Location/Summary/Location/RN005588/Interval/Latest
RN005633,Ti Tree Area,http://www.ntlis.nt.gov.au/hpa-services/borereport?bore=RN005633,0.1,00:00.0,19.2,19.2,0,Monitoring,Constructed&Capped,Current,-22.094827,133.423307,53,337346,7555835,GPS,https://ntg.aquaticinformatics.net/AQWebportal/Data/Location/Summary/Location/RN005633/Interval/Latest
RN005626,Ti Tree Area,http://www.ntlis.nt.gov.au/hpa-services/borereport?bore=RN005626,0.5,00:00.0,29.9,29.9,0,Monitoring,Constructed&Capped,Current,-22.163176,133.441561,53,339307,7548287,GPS,https://ntg.aquaticinformatics.net/AQWebportal/Data/Location/Summary/Location/RN005626/Interval/Latest
RN005628,Ti Tree Area,http://www.ntlis.nt.gov.au/hpa-services/borereport?bore=RN005628,0.9,00:00.0,55.8,55.8,0,Monitoring,Constructed&Capped,Current,-22.146209,133.251318,53,319665,7549952,GPS,https://ntg.aquaticinformatics.net/AQWebportal/Data/Location/Summary/Location/RN005628/Interval/Latest
RN005641,Ti Tree Area,http://www.ntlis.nt.gov.au/hpa-services/borereport?bore=RN005641,0.8,00:00.0,61,61,0,Monitoring,Constructed&Capped,Current,-22.206928,133.285405,53,323257,7543269,GPS,https://ntg.aquaticinformatics.net/AQWebportal/Data/Location/Summary/Location/RN005641/Interval/Latest
RN006543,Monitoring Bore Ti Tree Area,http://www.ntlis.nt.gov.au/hpa-services/borereport?bore=RN006543,3.8,00:00.0,91.7,91.7,0,Monitoring,,Current,-22.23014,133.401658,53,335270,7540830,GPS,https://ntg.aquaticinformatics.net/AQWebportal/Data/Location/Summary/Location/RN006543/Interval/Latest
RN010678,Ti Tree Area,http://www.ntlis.nt.gov.au/hpa-services/borereport?bore=RN010678,4.5,00:00.0,49.6,49.6,0,Monitoring,Constructed&Capped,Current,-22.154934,133.409267,53,335967,7549165,GPS,https://ntg.aquaticinformatics.net/AQWebportal/Data/Location/Summary/Location/RN010678/Interval/Latest
RN017319,Ti Tree Area,http://www.ntlis.nt.gov.au/hpa-services/borereport?bore=RN017319,1,00:00.0,36.5,36.5,14.6,Monitoring,Constructed&Capped,Current,-22.204064,133.40981,53,336080,7543726,GPS,https://ntg.aquaticinformatics.net/AQWebportal/Data/Location/Summary/Location/RN017319/Interval/Latest
