#Data Set Export - Water Elevation (AHD).Publish@RN012594,,
Latest telemetry data is sourced directly from logging devices and is unverified. No guarantee is made as to the accuracy or reliability of the data until it is approved. Use with caution.,,
Timestamp (UTC+09:30),Event Timestamp (UTC+09:30),Value (m)
2024-08-27 11:48:00,,511.38
2024-08-27 12:48:00,,511.3799572649572
2024-08-27 13:48:00,,511.3799145299145
2024-08-27 14:48:00,,511.37987179487175
2024-08-27 15:48:00,,511.37982905982904
2024-08-27 16:48:00,,511.37978632478627
2024-08-27 17:48:00,,511.37974358974355
2024-08-27 18:48:00,,511.37970085470084
2024-08-27 19:48:00,,511.3796581196581
2024-08-27 20:48:00,,511.37961538461536
2024-08-27 21:48:00,,511.3795726495726
2024-08-27 22:48:00,,511.3795299145299
2024-08-27 23:48:00,,511.37948717948717
2024-08-28 00:48:00,,511.3794444444444
2024-08-28 01:48:00,,511.3794017094017
2024-08-28 02:48:00,,511.3793589743589
2024-08-28 03:48:00,,511.3793162393162
2024-08-28 04:48:00,,511.3792735042735
2024-08-28 05:48:00,,511.37923076923073
2024-08-28 06:48:00,,511.379188034188
2024-08-28 07:48:00,,511.37914529914525
2024-08-28 08:48:00,,511.37910256410254
2024-08-28 09:48:00,,511.37905982905977
2024-08-28 10:48:00,,511.37901709401706
2024-08-28 11:48:00,,511.37897435897435
2024-08-28 12:48:00,,511.3789316239316
2024-08-28 13:48:00,,511.37888888888887
2024-08-28 14:48:00,,511.3788461538461
2024-08-28 15:48:00,,511.3788034188034
2024-08-28 16:48:00,,511.3787606837607
2024-08-28 17:48:00,,511.3787179487179
2024-08-28 18:48:00,,511.3786752136752
2024-08-28 19:48:00,,511.3786324786324
2024-08-28 20:48:00,,511.3785897435897
2024-08-28 21:48:00,,511.378547008547
2024-08-28 22:48:00,,511.37850427350423
2024-08-28 23:48:00,,511.3784615384615
2024-08-29 00:48:00,,511.37841880341875
2024-08-29 01:48:00,,511.37837606837604
2024-08-29 02:48:00,,511.37833333333333
2024-08-29 03:48:00,,511.37829059829056
2024-08-29 04:48:00,,511.37824786324785
2024-08-29 05:48:00,,511.3782051282051
2024-08-29 06:48:00,,511.37816239316237
2024-08-29 07:48:00,,511.3781196581196
2024-08-29 08:48:00,,511.3780769230769
2024-08-29 09:48:00,,511.3780341880342
2024-08-29 10:48:00,,511.3779914529914
2024-08-29 11:48:00,,511.3779487179487
2024-08-29 12:48:00,,511.37790598290593
2024-08-29 13:48:00,,511.3778632478632
2024-08-29 14:48:00,,511.3778205128205
2024-08-29 15:48:00,,511.37777777777774
2024-08-29 16:48:00,,511.377735042735
2024-08-29 17:48:00,,511.37769230769226
2024-08-29 18:48:00,,511.37764957264955
2024-08-29 19:48:00,,511.3776068376068
2024-08-29 20:48:00,,511.37756410256407
2024-08-29 21:48:00,,511.37752136752135
2024-08-29 22:48:00,,511.3774786324786
2024-08-29 23:48:00,,511.3774358974359
2024-08-30 00:48:00,,511.3773931623931
2024-08-30 01:48:00,,511.3773504273504
2024-08-30 02:48:00,,511.3773076923077
2024-08-30 03:48:00,,511.3772649572649
2024-08-30 04:48:00,,511.3772222222222
2024-08-30 05:48:00,,511.37717948717943
2024-08-30 06:48:00,,511.3771367521367
2024-08-30 07:48:00,,511.377094017094
2024-08-30 08:48:00,,511.37705128205124
2024-08-30 09:48:00,,511.37700854700853
2024-08-30 10:00:00,,511.37699999999995
2024-08-30 11:00:00,,511.372008
2024-08-30 12:00:00,,511.376016
2024-08-30 13:00:00,,511.38402399999995
2024-08-30 14:00:00,,511.382032
2024-08-30 15:00:00,,511.38403999999997
2024-08-30 16:00:00,,511.383048
2024-08-30 17:00:00,,511.384056
2024-08-30 18:00:00,,511.38406399999997
2024-08-30 19:00:00,,511.380072
2024-08-30 20:00:00,,511.37607999999994
2024-08-30 21:00:00,,511.374088
2024-08-30 22:00:00,,511.370096
2024-08-30 23:00:00,,511.37110399999995
2024-08-31 00:00:00,,511.37211199999996
2024-08-31 01:00:00,,511.37411999999995
2024-08-31 02:00:00,,511.376128
2024-08-31 03:00:00,,511.38113599999997
2024-08-31 04:00:00,,511.38314399999996
2024-08-31 05:00:00,,511.38215199999996
2024-08-31 06:00:00,,511.38415999999995
2024-08-31 07:00:00,,511.37816799999996
2024-08-31 08:00:00,,511.37517599999995
2024-08-31 09:00:00,,511.37118399999997
2024-08-31 10:00:00,,511.370192
2024-08-31 11:00:00,,511.36519999999996
2024-08-31 12:00:00,,511.373208
2024-08-31 13:00:00,,511.374216
2024-08-31 14:00:00,,511.37722399999996
2024-08-31 15:00:00,,511.385232
2024-08-31 16:00:00,,511.38624
2024-08-31 17:00:00,,511.383248
2024-08-31 18:00:00,,511.38325599999996
2024-08-31 19:00:00,,511.376264
2024-08-31 20:00:00,,511.373272
2024-08-31 21:00:00,,511.37327999999997
2024-08-31 22:00:00,,511.37028799999996
2024-08-31 23:00:00,,511.36729599999995
2024-09-01 00:00:00,,511.365304
2024-09-01 01:00:00,,511.37031199999996
2024-09-01 02:00:00,,511.37131999999997
2024-09-01 03:00:00,,511.37132799999995
2024-09-01 04:00:00,,511.37433599999997
2024-09-01 05:00:00,,511.37434399999995
2024-09-01 06:00:00,,511.372352
2024-09-01 07:00:00,,511.36735999999996
2024-09-01 08:00:00,,511.36236799999995
2024-09-01 09:00:00,,511.364376
2024-09-01 10:00:00,,511.364384
2024-09-01 11:00:00,,511.36239199999994
2024-09-01 12:00:00,,511.3644
2024-09-01 13:00:00,,511.368408
2024-09-01 14:00:00,,511.37341599999996
2024-09-01 15:00:00,,511.374424
2024-09-01 16:00:00,,511.373432
2024-09-01 17:00:00,,511.37343999999996
2024-09-01 18:00:00,,511.371448
2024-09-01 19:00:00,,511.370456
2024-09-01 20:00:00,,511.367464
2024-09-01 21:00:00,,511.36547199999995
2024-09-01 22:00:00,,511.36348
2024-09-01 23:00:00,,511.360488
2024-09-02 00:00:00,,511.356496
2024-09-02 01:00:00,,511.36450399999995
2024-09-02 02:00:00,,511.371512
2024-09-02 03:00:00,,511.36551999999995
2024-09-02 04:00:00,,511.360528
2024-09-02 05:00:00,,511.36153599999994
2024-09-02 06:00:00,,511.361544
2024-09-02 07:00:00,,511.36355199999997
2024-09-02 08:00:00,,511.35555999999997
2024-09-02 09:00:00,,511.351568
2024-09-02 10:00:00,,511.348576
2024-09-02 11:00:00,,511.35058399999997
2024-09-02 12:00:00,,511.35459199999997
2024-09-02 13:00:00,,511.3576
2024-09-02 14:00:00,,511.36360799999994
2024-09-02 15:00:00,,511.36761599999994
2024-09-02 16:00:00,,511.37062399999996
2024-09-02 17:00:00,,511.368632
2024-09-02 18:00:00,,511.36663999999996
2024-09-02 19:00:00,,511.36064799999997
2024-09-02 20:00:00,,511.35765599999996
2024-09-02 21:00:00,,511.34966399999996
2024-09-02 22:00:00,,511.34967199999994
2024-09-02 23:00:00,,511.34867999999994
2024-09-03 00:00:00,,511.35168799999997
2024-09-03 01:00:00,,511.347696
2024-09-03 02:00:00,,511.34870399999994
2024-09-03 03:00:00,,511.35471199999995
2024-09-03 04:00:00,,511.35972
2024-09-03 05:00:00,,511.353728
2024-09-03 06:00:00,,511.35373599999997
2024-09-03 07:00:00,,511.35374399999995
2024-09-03 08:00:00,,511.351752
2024-09-03 09:00:00,,511.35076
2024-09-03 10:00:00,,511.349768
2024-09-03 11:00:00,,511.353776
2024-09-03 12:00:00,,511.354784
2024-09-03 13:00:00,,511.35379199999994
2024-09-03 14:00:00,,511.35679999999996
2024-09-03 15:00:00,,511.364808
2024-09-03 16:00:00,,511.36781599999995
2024-09-03 17:00:00,,511.369824
2024-09-03 18:00:00,,511.36783199999996
2024-09-03 19:00:00,,511.36283999999995
2024-09-03 20:00:00,,511.364848
2024-09-03 21:00:00,,511.36085599999996
2024-09-03 22:00:00,,511.358864
2024-09-03 23:00:00,,511.35487199999994
2024-09-04 00:00:00,,511.35688
2024-09-04 01:00:00,,511.35688799999997
2024-09-04 02:00:00,,511.355896
2024-09-04 03:00:00,,511.359904
2024-09-04 04:00:00,,511.36191199999996
2024-09-04 05:00:00,,511.36391999999995
2024-09-04 06:00:00,,511.36792799999995
2024-09-04 07:00:00,,511.36493599999994
2024-09-04 08:00:00,,511.36394399999995
2024-09-04 09:00:00,,511.358952
2024-09-04 10:00:00,,511.35695999999996
2024-09-04 11:00:00,,511.35896799999995
2024-09-04 12:00:00,,511.36497599999996
2024-09-04 13:00:00,,511.367984
2024-09-04 14:00:00,,511.366992
2024-09-04 15:00:00,,511.37499999999994
2024-09-04 16:00:00,,511.37300799999997
2024-09-04 17:00:00,,511.37801599999995
2024-09-04 18:00:00,,511.375024
2024-09-04 19:00:00,,511.37303199999997
2024-09-04 20:00:00,,511.37003999999996
2024-09-04 21:00:00,,511.368048
2024-09-04 22:00:00,,511.36605599999996
2024-09-04 23:00:00,,511.364064
2024-09-05 00:00:00,,511.363072
2024-09-05 01:00:00,,511.36508
2024-09-05 02:00:00,,511.37008799999995
2024-09-05 03:00:00,,511.37609599999996
2024-09-05 04:00:00,,511.369104
2024-09-05 05:00:00,,511.371112
2024-09-05 06:00:00,,511.37111999999996
2024-09-05 07:00:00,,511.367128
2024-09-05 08:00:00,,511.36213599999996
2024-09-05 09:00:00,,511.36114399999997
2024-09-05 10:00:00,,511.362152
2024-09-05 11:00:00,,511.36415999999997
2024-09-05 12:00:00,,511.36616799999996
2024-09-05 13:00:00,,511.36817599999995
2024-09-05 14:00:00,,511.36918399999996
2024-09-05 15:00:00,,511.374192
2024-09-05 16:00:00,,511.3712
2024-09-05 17:00:00,,511.37420799999995
2024-09-05 18:00:00,,511.372216
2024-09-05 19:00:00,,511.371224
2024-09-05 20:00:00,,511.36623199999997
2024-09-05 21:00:00,,511.36524
2024-09-05 22:00:00,,511.36724799999996
2024-09-05 23:00:00,,511.365256
2024-09-06 00:00:00,,511.360264
2024-09-06 01:00:00,,511.363272
2024-09-06 02:00:00,,511.36227999999994
2024-09-06 03:00:00,,511.36528799999996
2024-09-06 04:00:00,,511.36029599999995
2024-09-06 05:00:00,,511.365304
2024-09-06 06:00:00,,511.36831199999995
2024-09-06 07:00:00,,511.36332
2024-09-06 08:00:00,,511.35932799999995
2024-09-06 09:00:00,,511.35533599999997
2024-09-06 10:00:00,,511.35434399999997
2024-09-06 11:00:00,,511.35135199999996
2024-09-06 12:00:00,,511.35535999999996
2024-09-06 13:00:00,,511.35736799999995
2024-09-06 14:00:00,,511.364376
2024-09-06 15:00:00,,511.36038399999995
2024-09-06 16:00:00,,511.365392
2024-09-06 17:00:00,,511.36839999999995
2024-09-06 18:00:00,,511.361408
2024-09-06 19:00:00,,511.35941599999995
2024-09-06 20:00:00,,511.35642399999995
2024-09-06 21:00:00,,511.358432
2024-09-06 22:00:00,,511.35443999999995
2024-09-06 23:00:00,,511.35844799999995
2024-09-07 00:00:00,,511.356456
2024-09-07 01:00:00,,511.35446399999995
2024-09-07 02:00:00,,511.357472
2024-09-07 03:00:00,,511.35547999999994
2024-09-07 04:00:00,,511.35648799999996
2024-09-07 05:00:00,,511.356496
2024-09-07 06:00:00,,511.35450399999996
2024-09-07 07:00:00,,511.35451199999994
2024-09-07 08:00:00,,511.35051999999996
2024-09-07 09:00:00,,511.35452799999996
2024-09-07 10:00:00,,511.352536
2024-09-07 11:00:00,,511.346544
2024-09-07 12:00:00,,511.35255199999995
2024-09-07 13:00:00,,511.35155999999995
2024-09-07 14:00:00,,511.35556799999995
2024-09-07 15:00:00,,511.357576
2024-09-07 16:00:00,,511.35858399999995
2024-09-07 17:00:00,,511.35959199999996
2024-09-07 18:00:00,,511.3606
2024-09-07 19:00:00,,511.36060799999996
2024-09-07 20:00:00,,511.35461599999996
2024-09-07 21:00:00,,511.35962399999994
2024-09-07 22:00:00,,511.356632
2024-09-07 23:00:00,,511.35663999999997
2024-09-08 00:00:00,,511.350648
2024-09-08 01:00:00,,511.35065599999996
2024-09-08 02:00:00,,511.355664
2024-09-08 03:00:00,,511.35167199999995
2024-09-08 04:00:00,,511.35967999999997
2024-09-08 05:00:00,,511.35768799999994
2024-09-08 06:00:00,,511.352696
2024-09-08 07:00:00,,511.35270399999996
2024-09-08 08:00:00,,511.34971199999995
2024-09-08 09:00:00,,511.35171999999994
2024-09-08 10:00:00,,511.348728
2024-09-08 11:00:00,,511.34673599999996
2024-09-08 12:00:00,,511.35174399999994
2024-09-08 13:00:00,,511.351752
2024-09-08 14:00:00,,511.35175999999996
2024-09-08 15:00:00,,511.356768
2024-09-08 16:00:00,,511.355776
2024-09-08 17:00:00,,511.354784
2024-09-08 18:00:00,,511.354792
2024-09-08 19:00:00,,511.3578
2024-09-08 20:00:00,,511.35580799999997
2024-09-08 21:00:00,,511.35581599999995
2024-09-08 22:00:00,,511.350824
2024-09-08 23:00:00,,511.35083199999997
2024-09-09 00:00:00,,511.35184
2024-09-09 01:00:00,,511.35484799999995
2024-09-09 02:00:00,,511.356856
2024-09-09 03:00:00,,511.355864
2024-09-09 04:00:00,,511.36187199999995
2024-09-09 05:00:00,,511.35887999999994
2024-09-09 06:00:00,,511.36188799999996
2024-09-09 07:00:00,,511.35189599999995
2024-09-09 08:00:00,,511.35090399999996
2024-09-09 09:00:00,,511.348912
2024-09-09 10:00:00,,511.35391999999996
2024-09-09 11:00:00,,511.35292799999996
2024-09-09 12:00:00,,511.353936
2024-09-09 13:00:00,,511.357944
2024-09-09 14:00:00,,511.358952
2024-09-09 15:00:00,,511.36096
2024-09-09 16:00:00,,511.366968
2024-09-09 17:00:00,,511.368976
2024-09-09 18:00:00,,511.36698399999995
2024-09-09 19:00:00,,511.359992
2024-09-09 20:00:00,,511.36199999999997
2024-09-09 21:00:00,,511.360008
2024-09-09 22:00:00,,511.359016
2024-09-09 23:00:00,,511.35302399999995
2024-09-10 00:00:00,,511.360032
2024-09-10 01:00:00,,511.35904
2024-09-10 02:00:00,,511.356048
2024-09-10 03:00:00,,511.360056
2024-09-10 04:00:00,,511.36306399999995
2024-09-10 05:00:00,,511.36207199999996
2024-09-10 06:00:00,,511.36008
2024-09-10 07:00:00,,511.35508799999997
2024-09-10 08:00:00,,511.349096
2024-09-10 09:00:00,,511.357104
2024-09-10 10:00:00,,511.35311199999995
2024-09-10 11:00:00,,511.36012
2024-09-10 12:00:00,,511.35812799999997
2024-09-10 13:00:00,,511.36313599999994
2024-09-10 14:00:00,,511.363144
2024-09-10 15:00:00,,511.36515199999997
2024-09-10 16:00:00,,511.36515999999995
2024-09-10 17:00:00,,511.367168
2024-09-10 18:00:00,,511.36317599999995
2024-09-10 19:00:00,,511.361184
2024-09-10 20:00:00,,511.362192
2024-09-10 21:00:00,,511.3592
2024-09-10 22:00:00,,511.356208
2024-09-10 23:00:00,,511.360216
2024-09-11 00:00:00,,511.35622399999994
2024-09-11 01:00:00,,511.360232
2024-09-11 02:00:00,,511.35524
2024-09-11 03:00:00,,511.35524799999996
2024-09-11 04:00:00,,511.35925599999996
2024-09-11 05:00:00,,511.352264
2024-09-11 06:00:00,,511.35527199999996
2024-09-11 07:00:00,,511.35328
2024-09-11 08:00:00,,511.35128799999995
2024-09-11 09:00:00,,511.346296
2024-09-11 10:00:00,,511.34930399999996
2024-09-11 11:00:00,,511.34931199999994
2024-09-11 12:00:00,,511.34731999999997
2024-09-11 13:00:00,,511.355328
2024-09-11 14:00:00,,511.357336
2024-09-11 15:00:00,,511.35934399999996
2024-09-11 16:00:00,,511.35635199999996
2024-09-11 17:00:00,,511.35636
2024-09-11 18:00:00,,511.356368
2024-09-11 19:00:00,,511.35637599999995
2024-09-11 20:00:00,,511.35338399999995
2024-09-11 21:00:00,,511.348392
2024-09-11 22:00:00,,511.3524
2024-09-11 23:00:00,,511.347408
2024-09-12 00:00:00,,511.348416
2024-09-12 01:00:00,,511.34342399999997
2024-09-12 02:00:00,,511.34743199999997
2024-09-12 03:00:00,,511.34844
2024-09-12 04:00:00,,511.347448
2024-09-12 05:00:00,,511.34545599999996
2024-09-12 06:00:00,,511.34446399999996
2024-09-12 07:00:00,,511.34347199999996
2024-09-12 08:00:00,,511.34148
2024-09-12 09:00:00,,511.34248799999995
2024-09-12 10:00:00,,511.344496
2024-09-12 11:00:00,,511.34250399999996
2024-09-12 12:00:00,,511.34451199999995
2024-09-12 13:00:00,,511.34752
2024-09-12 14:00:00,,511.351528
2024-09-12 15:00:00,,511.354536
2024-09-12 16:00:00,,511.356544
2024-09-12 17:00:00,,511.348552
2024-09-12 18:00:00,,511.34756
2024-09-12 19:00:00,,511.34756799999997
2024-09-12 20:00:00,,511.338576
2024-09-12 21:00:00,,511.33958399999995
2024-09-12 22:00:00,,511.341592
2024-09-12 23:00:00,,511.33959999999996
2024-09-13 00:00:00,,511.34360799999996
2024-09-13 01:00:00,,511.34361599999994
2024-09-13 02:00:00,,511.34662399999996
2024-09-13 03:00:00,,511.34363199999996
2024-09-13 04:00:00,,511.34463999999997
2024-09-13 05:00:00,,511.345648
2024-09-13 06:00:00,,511.34365599999995
2024-09-13 07:00:00,,511.343664
2024-09-13 08:00:00,,511.33667199999996
2024-09-13 09:00:00,,511.33867999999995
2024-09-13 10:00:00,,511.34068799999994
2024-09-13 11:00:00,,511.34369599999997
2024-09-13 12:00:00,,511.34070399999996
2024-09-13 13:00:00,,511.35471199999995
2024-09-13 14:00:00,,511.35571999999996
2024-09-13 15:00:00,,511.35972799999996
2024-09-13 16:00:00,,511.357736
2024-09-13 17:00:00,,511.35774399999997
2024-09-13 18:00:00,,511.355752
2024-09-13 19:00:00,,511.35175999999996
2024-09-13 20:00:00,,511.349768
2024-09-13 21:00:00,,511.350776
2024-09-13 22:00:00,,511.34678399999996
2024-09-13 23:00:00,,511.34879199999995
2024-09-14 00:00:00,,511.34979999999996
2024-09-14 01:00:00,,511.35180799999995
2024-09-14 02:00:00,,511.353816
2024-09-14 03:00:00,,511.35482399999995
2024-09-14 04:00:00,,511.349832
2024-09-14 05:00:00,,511.35184
2024-09-14 06:00:00,,511.350848
2024-09-14 07:00:00,,511.34385599999996
2024-09-14 08:00:00,,511.346864
2024-09-14 09:00:00,,511.343872
2024-09-14 10:00:00,,511.34488
2024-09-14 11:00:00,,511.353888
2024-09-14 12:00:00,,511.35189599999995
2024-09-14 13:00:00,,511.359904
2024-09-14 14:00:00,,511.360912
2024-09-14 15:00:00,,511.36292
2024-09-14 16:00:00,,511.36492799999996
2024-09-14 17:00:00,,511.362936
2024-09-14 18:00:00,,511.36394399999995
2024-09-14 19:00:00,,511.358952
2024-09-14 20:00:00,,511.35495999999995
2024-09-14 21:00:00,,511.35196799999994
2024-09-14 22:00:00,,511.351976
2024-09-14 23:00:00,,511.35198399999996
2024-09-15 00:00:00,,511.35099199999996
2024-09-15 01:00:00,,511.354
2024-09-15 02:00:00,,511.353008
2024-09-15 03:00:00,,511.352016
2024-09-15 04:00:00,,511.354024
2024-09-15 05:00:00,,511.355032
2024-09-15 06:00:00,,511.35303999999996
2024-09-15 07:00:00,,511.354048
2024-09-15 08:00:00,,511.35105599999997
2024-09-15 09:00:00,,511.34806399999997
2024-09-15 10:00:00,,511.34507199999996
2024-09-15 11:00:00,,511.35107999999997
2024-09-15 12:00:00,,511.35308799999996
2024-09-15 13:00:00,,511.35709599999996
2024-09-15 14:00:00,,511.35910399999995
2024-09-15 15:00:00,,511.361112
2024-09-15 16:00:00,,511.36312
2024-09-15 17:00:00,,511.362128
2024-09-15 18:00:00,,511.359136
2024-09-15 19:00:00,,511.360144
2024-09-15 20:00:00,,511.35315199999997
2024-09-15 21:00:00,,511.35215999999997
2024-09-15 22:00:00,,511.34716799999995
2024-09-15 23:00:00,,511.35117599999995
2024-09-16 00:00:00,,511.344184
2024-09-16 01:00:00,,511.35119199999997
2024-09-16 02:00:00,,511.3522
2024-09-16 03:00:00,,511.351208
2024-09-16 04:00:00,,511.350216
2024-09-16 05:00:00,,511.349224
2024-09-16 06:00:00,,511.35223199999996
2024-09-16 07:00:00,,511.34524
2024-09-16 08:00:00,,511.342248
2024-09-16 09:00:00,,511.34525599999995
2024-09-16 10:00:00,,511.340264
2024-09-16 11:00:00,,511.344272
2024-09-16 12:00:00,,511.34628
2024-09-16 13:00:00,,511.343288
2024-09-16 14:00:00,,511.354296
2024-09-16 15:00:00,,511.36130399999996
2024-09-16 16:00:00,,511.36331199999995
2024-09-16 17:00:00,,511.35331999999994
2024-09-16 18:00:00,,511.34732799999995
2024-09-16 19:00:00,,511.34633599999995
2024-09-16 20:00:00,,511.349344
2024-09-16 21:00:00,,511.33235199999996
2024-09-16 22:00:00,,511.34236
2024-09-16 23:00:00,,511.33836799999995
2024-09-17 00:00:00,,511.333376
2024-09-17 01:00:00,,511.35138399999994
2024-09-17 02:00:00,,511.348392
2024-09-17 03:00:00,,511.34439999999995
2024-09-17 04:00:00,,511.35040799999996
2024-09-17 05:00:00,,511.351416
2024-09-17 06:00:00,,511.350424
2024-09-17 07:00:00,,511.33843199999995
2024-09-17 08:00:00,,511.34043999999994
2024-09-17 09:00:00,,511.33644799999996
2024-09-17 10:00:00,,511.341456
2024-09-17 11:00:00,,511.33946399999996
2024-09-17 12:00:00,,511.33847199999997
2024-09-17 13:00:00,,511.34648
2024-09-17 14:00:00,,511.34948799999995
2024-09-17 15:00:00,,511.35049599999996
2024-09-17 16:00:00,,511.35450399999996
2024-09-17 17:00:00,,511.355512
2024-09-17 18:00:00,,511.35652
2024-09-17 19:00:00,,511.351528
2024-09-17 20:00:00,,511.34853599999997
2024-09-17 21:00:00,,511.344544
2024-09-17 22:00:00,,511.343552
2024-09-17 23:00:00,,511.34056
2024-09-18 00:00:00,,511.34556799999996
2024-09-18 01:00:00,,511.343576
2024-09-18 02:00:00,,511.340584
2024-09-18 03:00:00,,511.349592
2024-09-18 04:00:00,,511.35159999999996
2024-09-18 05:00:00,,511.35560799999996
2024-09-18 06:00:00,,511.34961599999997
2024-09-18 07:00:00,,511.35162399999996
2024-09-18 08:00:00,,511.34863199999995
2024-09-18 09:00:00,,511.34463999999997
2024-09-18 10:00:00,,511.340648
2024-09-18 11:00:00,,511.33865599999996
2024-09-18 12:00:00,,511.343664
2024-09-18 13:00:00,,511.347672
2024-09-18 14:00:00,,511.35267999999996
2024-09-18 15:00:00,,511.35468799999995
2024-09-18 16:00:00,,511.361696
2024-09-18 17:00:00,,511.35970399999997
2024-09-18 18:00:00,,511.353712
2024-09-18 19:00:00,,511.35972
2024-09-18 20:00:00,,511.34972799999997
2024-09-18 21:00:00,,511.34773599999994
2024-09-18 22:00:00,,511.34374399999996
2024-09-18 23:00:00,,511.34575199999995
2024-09-19 00:00:00,,511.34776
2024-09-19 01:00:00,,511.349768
2024-09-19 02:00:00,,511.350776
2024-09-19 03:00:00,,511.34878399999997
2024-09-19 04:00:00,,511.349792
2024-09-19 05:00:00,,511.35679999999996
2024-09-19 06:00:00,,511.354808
2024-09-19 07:00:00,,511.34781599999997
2024-09-19 08:00:00,,511.34982399999996
2024-09-19 09:00:00,,511.344832
2024-09-19 10:00:00,,511.34184
2024-09-19 11:00:00,,511.33784799999995
2024-09-19 12:00:00,,511.34385599999996
2024-09-19 13:00:00,,511.34786399999996
2024-09-19 14:00:00,,511.345872
2024-09-19 15:00:00,,511.35087999999996
2024-09-19 16:00:00,,511.358888
2024-09-19 17:00:00,,511.35689599999995
2024-09-19 18:00:00,,511.359904
2024-09-19 19:00:00,,511.35491199999996
2024-09-19 20:00:00,,511.34891999999996
2024-09-19 21:00:00,,511.35292799999996
2024-09-19 22:00:00,,511.35293599999994
2024-09-19 23:00:00,,511.347944
2024-09-20 00:00:00,,511.349952
2024-09-20 01:00:00,,511.35396
2024-09-20 02:00:00,,511.349968
2024-09-20 03:00:00,,511.34997599999997
2024-09-20 04:00:00,,511.35398399999997
2024-09-20 05:00:00,,511.351992
2024-09-20 06:00:00,,511.35299999999995
2024-09-20 07:00:00,,511.34500799999995
2024-09-20 08:00:00,,511.345016
2024-09-20 09:00:00,,511.34102399999995
2024-09-20 10:00:00,,511.34203199999996
2024-09-20 11:00:00,,511.33804
2024-09-20 12:00:00,,511.34304799999995
2024-09-20 13:00:00,,511.34705599999995
2024-09-20 14:00:00,,511.350064
2024-09-20 15:00:00,,511.358072
2024-09-20 16:00:00,,511.35508
2024-09-20 17:00:00,,511.354088
2024-09-20 18:00:00,,511.358096
2024-09-20 19:00:00,,511.35610399999996
2024-09-20 20:00:00,,511.356112
2024-09-20 21:00:00,,511.34911999999997
2024-09-20 22:00:00,,511.34712799999994
2024-09-20 23:00:00,,511.34513599999997
2024-09-21 00:00:00,,511.35214399999995
2024-09-21 01:00:00,,511.35115199999996
2024-09-21 02:00:00,,511.34716
2024-09-21 03:00:00,,511.35016799999994
2024-09-21 04:00:00,,511.34817599999997
2024-09-21 05:00:00,,511.35318399999994
2024-09-21 06:00:00,,511.350192
2024-09-21 07:00:00,,511.34319999999997
2024-09-21 08:00:00,,511.346208
2024-09-21 09:00:00,,511.34421599999996
2024-09-21 10:00:00,,511.34322399999996
2024-09-21 11:00:00,,511.34023199999996
2024-09-21 12:00:00,,511.34423999999996
2024-09-21 13:00:00,,511.349248
2024-09-21 14:00:00,,511.353256
2024-09-21 15:00:00,,511.355264
2024-09-21 16:00:00,,511.354272
2024-09-21 17:00:00,,511.35627999999997
2024-09-21 18:00:00,,511.355288
2024-09-21 19:00:00,,511.35529599999995
2024-09-21 20:00:00,,511.34930399999996
2024-09-21 21:00:00,,511.35131199999995
2024-09-21 22:00:00,,511.34731999999997
2024-09-21 23:00:00,,511.350328
2024-09-22 00:00:00,,511.345336
2024-09-22 01:00:00,,511.34334399999995
2024-09-22 02:00:00,,511.34435199999996
2024-09-22 03:00:00,,511.34535999999997
2024-09-22 04:00:00,,511.34536799999995
2024-09-22 05:00:00,,511.345376
2024-09-22 06:00:00,,511.34638399999994
2024-09-22 07:00:00,,511.346392
2024-09-22 08:00:00,,511.34439999999995
2024-09-22 09:00:00,,511.33140799999995
2024-09-22 10:00:00,,511.336416
2024-09-22 11:00:00,,511.335424
2024-09-22 12:00:00,,511.34143199999994
2024-09-22 13:00:00,,511.34443999999996
2024-09-22 14:00:00,,511.345448
2024-09-22 15:00:00,,511.35245599999996
2024-09-22 16:00:00,,511.35446399999995
2024-09-22 17:00:00,,511.35047199999997
2024-09-22 18:00:00,,511.35348
2024-09-22 19:00:00,,511.34948799999995
2024-09-22 20:00:00,,511.34849599999995
2024-09-22 21:00:00,,511.34950399999997
2024-09-22 22:00:00,,511.347512
2024-09-22 23:00:00,,511.34952
2024-09-23 00:00:00,,511.351528
2024-09-23 01:00:00,,511.35153599999995
2024-09-23 02:00:00,,511.34554399999996
2024-09-23 03:00:00,,511.346552
2024-09-23 04:00:00,,511.34855999999996
2024-09-23 05:00:00,,511.34856799999994
2024-09-23 06:00:00,,511.345576
2024-09-23 07:00:00,,511.34658399999995
2024-09-23 08:00:00,,511.344592
2024-09-23 09:00:00,,511.32959999999997
2024-09-23 10:00:00,,511.33960799999994
2024-09-23 11:00:00,,511.348616
2024-09-23 12:00:00,,511.32762399999996
2024-09-23 13:00:00,,511.344632
2024-09-23 14:00:00,,511.34864
2024-09-23 15:00:00,,511.345648
2024-09-23 16:00:00,,511.351656
2024-09-23 17:00:00,,511.348664
2024-09-23 18:00:00,,511.340672
2024-09-23 19:00:00,,511.34168
2024-09-23 20:00:00,,511.350688
2024-09-23 21:00:00,,511.34669599999995
2024-09-23 22:00:00,,511.34270399999997
2024-09-23 23:00:00,,511.35271199999994
2024-09-24 00:00:00,,511.35371999999995
2024-09-24 01:00:00,,511.351728
2024-09-24 02:00:00,,511.35873599999996
2024-09-24 03:00:00,,511.35374399999995
2024-09-24 04:00:00,,511.331752
2024-09-24 05:00:00,,511.34675999999996
2024-09-24 06:00:00,,511.337768
2024-09-24 07:00:00,,511.33777599999996
2024-09-24 08:00:00,,511.333784
2024-09-24 09:00:00,,511.34379199999995
2024-09-24 10:00:00,,511.3368
2024-09-24 11:00:00,,511.340808
2024-09-24 12:00:00,,511.34381599999995
2024-09-24 13:00:00,,511.34782399999995
2024-09-24 14:00:00,,511.35583199999996
2024-09-24 15:00:00,,511.35283999999996
2024-09-24 16:00:00,,511.35484799999995
2024-09-24 17:00:00,,511.354856
2024-09-24 18:00:00,,511.35286399999995
2024-09-24 19:00:00,,511.34687199999996
2024-09-24 20:00:00,,511.35087999999996
2024-09-24 21:00:00,,511.346888
2024-09-24 22:00:00,,511.33989599999995
2024-09-24 23:00:00,,511.354904
2024-09-25 00:00:00,,511.34791199999995
2024-09-25 01:00:00,,511.34991999999994
2024-09-25 02:00:00,,511.35292799999996
2024-09-25 03:00:00,,511.33993599999997
2024-09-25 04:00:00,,511.359944
2024-09-25 05:00:00,,511.356952
2024-09-25 06:00:00,,511.35596
2024-09-25 07:00:00,,511.35196799999994
2024-09-25 08:00:00,,511.34597599999995
2024-09-25 09:00:00,,511.33998399999996
2024-09-25 10:00:00,,511.344992
2024-09-25 11:00:00,,511.34599999999995
2024-09-25 12:00:00,,511.34000799999995
2024-09-25 13:00:00,,511.355016
2024-09-25 14:00:00,,511.35702399999997
2024-09-25 15:00:00,,511.348032
2024-09-25 16:00:00,,511.34603999999996
2024-09-25 17:00:00,,511.35004799999996
2024-09-25 18:00:00,,511.34905599999996
2024-09-25 19:00:00,,511.34906399999994
2024-09-25 20:00:00,,511.34507199999996
2024-09-25 21:00:00,,511.34207999999995
2024-09-25 22:00:00,,511.34408799999994
2024-09-25 23:00:00,,511.34009599999996
2024-09-26 00:00:00,,511.345104
2024-09-26 01:00:00,,511.34311199999996
2024-09-26 02:00:00,,511.34412
2024-09-26 03:00:00,,511.34112799999997
2024-09-26 04:00:00,,511.33913599999994
2024-09-26 05:00:00,,511.339144
2024-09-26 06:00:00,,511.34115199999997
2024-09-26 07:00:00,,511.33415999999994
2024-09-26 08:00:00,,511.331168
2024-09-26 09:00:00,,511.335176
2024-09-26 10:00:00,,511.33318399999996
2024-09-26 11:00:00,,511.33319199999994
2024-09-26 12:00:00,,511.34119999999996
2024-09-26 13:00:00,,511.33820799999995
2024-09-26 14:00:00,,511.34221599999995
2024-09-26 15:00:00,,511.342224
2024-09-26 16:00:00,,511.344232
2024-09-26 17:00:00,,511.34423999999996
2024-09-26 18:00:00,,511.34524799999997
2024-09-26 19:00:00,,511.344256
2024-09-26 20:00:00,,511.34226399999994
2024-09-26 21:00:00,,511.33827199999996
2024-09-26 22:00:00,,511.34128
2024-09-26 23:00:00,,511.34428799999995
2024-09-27 00:00:00,,511.342296
2024-09-27 01:00:00,,511.348304
2024-09-27 02:00:00,,511.35131199999995
2024-09-27 03:00:00,,511.35031999999995
2024-09-27 04:00:00,,511.34932799999996
2024-09-27 05:00:00,,511.35133599999995
2024-09-27 06:00:00,,511.33834399999995
2024-09-27 07:00:00,,511.333352
2024-09-27 08:00:00,,511.32635999999997
2024-09-27 09:00:00,,511.33336799999995
2024-09-27 10:00:00,,511.33437599999996
2024-09-27 11:00:00,,511.335384
2024-09-27 12:00:00,,511.33339199999995
2024-09-27 13:00:00,,511.34139999999996
2024-09-27 14:00:00,,511.34340799999995
2024-09-27 15:00:00,,511.34541599999994
2024-09-27 16:00:00,,511.35142399999995
2024-09-27 17:00:00,,511.346432
2024-09-27 18:00:00,,511.34543999999994
2024-09-27 19:00:00,,511.342448
2024-09-27 20:00:00,,511.344456
2024-09-27 21:00:00,,511.341464
2024-09-27 22:00:00,,511.33647199999996
2024-09-27 23:00:00,,511.33847999999995
2024-09-28 00:00:00,,511.338488
2024-09-28 01:00:00,,511.34549599999997
2024-09-28 02:00:00,,511.34750399999996
2024-09-28 03:00:00,,511.34651199999996
2024-09-28 04:00:00,,511.34351999999996
2024-09-28 05:00:00,,511.34452799999997
2024-09-28 06:00:00,,511.342536
2024-09-28 07:00:00,,511.342544
2024-09-28 08:00:00,,511.338552
2024-09-28 09:00:00,,511.33255999999994
2024-09-28 10:00:00,,511.33856799999995
2024-09-28 11:00:00,,511.33557599999995
2024-09-28 12:00:00,,511.340584
2024-09-28 13:00:00,,511.344592
2024-09-28 14:00:00,,511.3456
2024-09-28 15:00:00,,511.34860799999996
2024-09-28 16:00:00,,511.35061599999995
2024-09-28 17:00:00,,511.348624
2024-09-28 18:00:00,,511.34663199999994
2024-09-28 19:00:00,,511.34963999999997
2024-09-28 20:00:00,,511.345648
2024-09-28 21:00:00,,511.34165599999994
2024-09-28 22:00:00,,511.338664
2024-09-28 23:00:00,,511.33767199999994
2024-09-29 00:00:00,,511.34268
2024-09-29 01:00:00,,511.341688
2024-09-29 02:00:00,,511.33969599999995
2024-09-29 03:00:00,,511.35270399999996
2024-09-29 04:00:00,,511.350712
2024-09-29 05:00:00,,511.34371999999996
2024-09-29 06:00:00,,511.34072799999996
2024-09-29 07:00:00,,511.34273599999995
2024-09-29 08:00:00,,511.332744
2024-09-29 09:00:00,,511.33575199999996
2024-09-29 10:00:00,,511.33475999999996
2024-09-29 11:00:00,,511.33376799999996
2024-09-29 12:00:00,,511.336776
2024-09-29 13:00:00,,511.340784
2024-09-29 14:00:00,,511.342792
2024-09-29 15:00:00,,511.3488
2024-09-29 16:00:00,,511.33680799999996
2024-09-29 17:00:00,,511.341816
2024-09-29 18:00:00,,511.33582399999995
2024-09-29 19:00:00,,511.328832
2024-09-29 20:00:00,,511.34083999999996
2024-09-29 21:00:00,,511.32384799999994
2024-09-29 22:00:00,,511.32685599999996
2024-09-29 23:00:00,,511.32686399999994
2024-09-30 00:00:00,,511.331872
2024-09-30 01:00:00,,511.33487999999994
2024-09-30 02:00:00,,511.33388799999994
2024-09-30 03:00:00,,511.338896
2024-09-30 04:00:00,,511.337904
2024-09-30 05:00:00,,511.341912
2024-09-30 06:00:00,,511.33392
2024-09-30 07:00:00,,511.33192799999995
2024-09-30 08:00:00,,511.32893599999994
2024-09-30 09:00:00,,511.32494399999996
2024-09-30 10:00:00,,511.32495199999994
2024-09-30 11:00:00,,511.32795999999996
2024-09-30 12:00:00,,511.33396799999997
2024-09-30 13:00:00,,511.336976
2024-09-30 14:00:00,,511.340984
2024-09-30 15:00:00,,511.34199199999995
2024-09-30 16:00:00,,511.34599999999995
2024-09-30 17:00:00,,511.34700799999996
2024-09-30 18:00:00,,511.34601599999996
2024-09-30 19:00:00,,511.34302399999996
2024-09-30 20:00:00,,511.33703199999997
2024-09-30 21:00:00,,511.33104
2024-09-30 22:00:00,,511.32804799999997
2024-09-30 23:00:00,,511.334056
2024-10-01 00:00:00,,511.33406399999996
2024-10-01 01:00:00,,511.33807199999995
2024-10-01 02:00:00,,511.33808
2024-10-01 03:00:00,,511.340088
2024-10-01 04:00:00,,511.33809599999995
2024-10-01 05:00:00,,511.338104
2024-10-01 06:00:00,,511.33811199999997
2024-10-01 07:00:00,,511.33412
2024-10-01 08:00:00,,511.33012799999995
2024-10-01 09:00:00,,511.327136
2024-10-01 10:00:00,,511.32614399999994
2024-10-01 11:00:00,,511.333152
2024-10-01 12:00:00,,511.33016
2024-10-01 13:00:00,,511.331168
2024-10-01 14:00:00,,511.342176
2024-10-01 15:00:00,,511.342184
2024-10-01 16:00:00,,511.343192
2024-10-01 17:00:00,,511.34819999999996
2024-10-01 18:00:00,,511.34820799999994
2024-10-01 19:00:00,,511.338216
2024-10-01 20:00:00,,511.34622399999995
2024-10-01 21:00:00,,511.33823199999995
2024-10-01 22:00:00,,511.33423999999997
2024-10-01 23:00:00,,511.33424799999995
2024-10-02 00:00:00,,511.332256
2024-10-02 01:00:00,,511.33726399999995
2024-10-02 02:00:00,,511.339272
2024-10-02 03:00:00,,511.33928
2024-10-02 04:00:00,,511.34128799999996
2024-10-02 05:00:00,,511.342296
2024-10-02 06:00:00,,511.341304
2024-10-02 07:00:00,,511.33431199999995
2024-10-02 08:00:00,,511.33631999999994
2024-10-02 09:00:00,,511.333328
2024-10-02 10:00:00,,511.33433599999995
2024-10-02 11:00:00,,511.334344
2024-10-02 12:00:00,,511.33535199999994
2024-10-02 13:00:00,,511.34436
2024-10-02 14:00:00,,511.34736799999996
2024-10-02 15:00:00,,511.35137599999996
2024-10-02 16:00:00,,511.352384
2024-10-02 17:00:00,,511.351392
2024-10-02 18:00:00,,511.3474
2024-10-02 19:00:00,,511.351408
2024-10-02 20:00:00,,511.34941599999996
2024-10-02 21:00:00,,511.340424
2024-10-02 22:00:00,,511.342432
2024-10-02 23:00:00,,511.34344
2024-10-03 00:00:00,,511.342448
2024-10-03 01:00:00,,511.33845599999995
2024-10-03 02:00:00,,511.34446399999996
2024-10-03 03:00:00,,511.34647199999995
2024-10-03 04:00:00,,511.34648
2024-10-03 05:00:00,,511.348488
2024-10-03 06:00:00,,511.344496
2024-10-03 07:00:00,,511.34050399999995
2024-10-03 08:00:00,,511.33751199999995
2024-10-03 09:00:00,,511.33552
2024-10-03 10:00:00,,511.334528
2024-10-03 11:00:00,,511.343536
2024-10-03 12:00:00,,511.342544
2024-10-03 13:00:00,,511.348552
2024-10-03 14:00:00,,511.34655999999995
2024-10-03 15:00:00,,511.349568
2024-10-03 16:00:00,,511.348576
2024-10-03 17:00:00,,511.34858399999996
2024-10-03 18:00:00,,511.349592
2024-10-03 19:00:00,,511.34659999999997
2024-10-03 20:00:00,,511.349608
2024-10-03 21:00:00,,511.343616
2024-10-03 22:00:00,,511.33962399999996
2024-10-03 23:00:00,,511.33663199999995
2024-10-04 00:00:00,,511.33863999999994
2024-10-04 01:00:00,,511.33964799999995
2024-10-04 02:00:00,,511.34165599999994
2024-10-04 03:00:00,,511.34466399999997
2024-10-04 04:00:00,,511.347672
2024-10-04 05:00:00,,511.34767999999997
2024-10-04 06:00:00,,511.343688
2024-10-04 07:00:00,,511.337696
2024-10-04 08:00:00,,511.339704
2024-10-04 09:00:00,,511.33471199999997
2024-10-04 10:00:00,,511.33772
2024-10-04 11:00:00,,511.33572799999996
2024-10-04 12:00:00,,511.336736
2024-10-04 13:00:00,,511.342744
2024-10-04 14:00:00,,511.34275199999996
2024-10-04 15:00:00,,511.34975999999995
2024-10-04 16:00:00,,511.35076799999996
2024-10-04 17:00:00,,511.350776
2024-10-04 18:00:00,,511.350784
2024-10-04 19:00:00,,511.35079199999996
2024-10-04 20:00:00,,511.34579999999994
2024-10-04 21:00:00,,511.34180799999996
2024-10-04 22:00:00,,511.34081599999996
2024-10-04 23:00:00,,511.34482399999996
2024-10-05 00:00:00,,511.33883199999997
2024-10-05 01:00:00,,511.33783999999997
2024-10-05 02:00:00,,511.34184799999997
2024-10-05 03:00:00,,511.34185599999995
2024-10-05 04:00:00,,511.34386399999994
2024-10-05 05:00:00,,511.34687199999996
2024-10-05 06:00:00,,511.34288
2024-10-05 07:00:00,,511.34588799999995
2024-10-05 08:00:00,,511.33989599999995
2024-10-05 09:00:00,,511.33690399999995
2024-10-05 10:00:00,,511.33991199999997
2024-10-05 11:00:00,,511.33791999999994
2024-10-05 12:00:00,,511.33892799999995
2024-10-05 13:00:00,,511.34293599999995
2024-10-05 14:00:00,,511.34194399999996
2024-10-05 15:00:00,,511.34095199999996
2024-10-05 16:00:00,,511.34795999999994
2024-10-05 17:00:00,,511.344968
2024-10-05 18:00:00,,511.34397599999994
2024-10-05 19:00:00,,511.34298399999994
2024-10-05 20:00:00,,511.339992
2024-10-05 21:00:00,,511.337
2024-10-05 22:00:00,,511.34000799999995
2024-10-05 23:00:00,,511.335016
2024-10-06 00:00:00,,511.33802399999996
2024-10-06 01:00:00,,511.334032
2024-10-06 02:00:00,,511.33804
2024-10-06 03:00:00,,511.33804799999996
2024-10-06 04:00:00,,511.34205599999996
2024-10-06 05:00:00,,511.33406399999996
2024-10-06 06:00:00,,511.33507199999997
2024-10-06 07:00:00,,511.33308
2024-10-06 08:00:00,,511.33408799999995
2024-10-06 09:00:00,,511.33109599999995
2024-10-06 10:00:00,,511.329104
2024-10-06 11:00:00,,511.328112
2024-10-06 12:00:00,,511.32912
2024-10-06 13:00:00,,511.33412799999996
2024-10-06 14:00:00,,511.33613599999995
2024-10-06 15:00:00,,511.341144
2024-10-06 16:00:00,,511.340152
2024-10-06 17:00:00,,511.34115999999995
2024-10-06 18:00:00,,511.343168
2024-10-06 19:00:00,,511.340176
2024-10-06 20:00:00,,511.34018399999997
2024-10-06 21:00:00,,511.331192
2024-10-06 22:00:00,,511.33219999999994
2024-10-06 23:00:00,,511.332208
2024-10-07 00:00:00,,511.331216
2024-10-07 01:00:00,,511.332224
2024-10-07 02:00:00,,511.336232
2024-10-07 03:00:00,,511.33124
2024-10-07 04:00:00,,511.33424799999995
2024-10-07 05:00:00,,511.334256
2024-10-07 06:00:00,,511.33026399999994
2024-10-07 07:00:00,,511.32827199999997
2024-10-07 08:00:00,,511.32728
2024-10-07 09:00:00,,511.321288
2024-10-07 10:00:00,,511.325296
2024-10-07 11:00:00,,511.326304
2024-10-07 12:00:00,,511.32431199999996
2024-10-07 13:00:00,,511.33232
2024-10-07 14:00:00,,511.33432799999997
2024-10-07 15:00:00,,511.333336
2024-10-07 16:00:00,,511.33534399999996
2024-10-07 17:00:00,,511.33935199999996
2024-10-07 18:00:00,,511.33635999999996
2024-10-07 19:00:00,,511.336368
2024-10-07 20:00:00,,511.338376
2024-10-07 21:00:00,,511.337384
2024-10-07 22:00:00,,511.334392
2024-10-07 23:00:00,,511.32939999999996
2024-10-08 00:00:00,,511.332408
2024-10-08 01:00:00,,511.329416
2024-10-08 02:00:00,,511.33442399999996
2024-10-08 03:00:00,,511.332432
2024-10-08 04:00:00,,511.32843999999994
2024-10-08 05:00:00,,511.333448
2024-10-08 06:00:00,,511.33145599999995
2024-10-08 07:00:00,,511.32546399999995
2024-10-08 08:00:00,,511.32647199999997
2024-10-08 09:00:00,,511.32448
2024-10-08 10:00:00,,511.324488
2024-10-08 11:00:00,,511.32449599999995
2024-10-08 12:00:00,,511.331504
2024-10-08 13:00:00,,511.333512
2024-10-08 14:00:00,,511.33452
2024-10-08 15:00:00,,511.338528
2024-10-08 16:00:00,,511.33653599999997
2024-10-08 17:00:00,,511.337544
2024-10-08 18:00:00,,511.336552
2024-10-08 19:00:00,,511.33655999999996
2024-10-08 20:00:00,,511.332568
2024-10-08 21:00:00,,511.33457599999997
2024-10-08 22:00:00,,511.33458399999995
2024-10-08 23:00:00,,511.329592
2024-10-09 00:00:00,,511.3366
2024-10-09 01:00:00,,511.33460799999995
2024-10-09 02:00:00,,511.334616
2024-10-09 03:00:00,,511.331624
2024-10-09 04:00:00,,511.337632
2024-10-09 05:00:00,,511.33063999999996
2024-10-09 06:00:00,,511.326648
2024-10-09 07:00:00,,511.32865599999997
2024-10-09 08:00:00,,511.32566399999996
2024-10-09 09:00:00,,511.326672
2024-10-09 10:00:00,,511.32268
2024-10-09 11:00:00,,511.331688
2024-10-09 12:00:00,,511.33269599999994
2024-10-09 13:00:00,,511.332704
2024-10-09 14:00:00,,511.33771199999995
2024-10-09 15:00:00,,511.33671999999996
2024-10-09 16:00:00,,511.33772799999997
2024-10-09 17:00:00,,511.33773599999995
2024-10-09 18:00:00,,511.33874399999996
2024-10-09 19:00:00,,511.33375199999995
2024-10-09 20:00:00,,511.33176
2024-10-09 21:00:00,,511.332768
2024-10-09 22:00:00,,511.33077599999996
2024-10-09 23:00:00,,511.33178399999997
2024-10-10 00:00:00,,511.334792
2024-10-10 01:00:00,,511.33279999999996
2024-10-10 02:00:00,,511.338808
2024-10-10 03:00:00,,511.33381599999996
2024-10-10 04:00:00,,511.331824
2024-10-10 05:00:00,,511.33683199999996
2024-10-10 06:00:00,,511.32984
2024-10-10 07:00:00,,511.328848
2024-10-10 08:00:00,,511.327856
2024-10-10 09:00:00,,511.324864
2024-10-10 10:00:00,,511.323872
2024-10-10 11:00:00,,511.32687999999996
2024-10-10 12:00:00,,511.327888
2024-10-10 13:00:00,,511.331896
2024-10-10 14:00:00,,511.33390399999996
2024-10-10 15:00:00,,511.33791199999996
2024-10-10 16:00:00,,511.33291999999994
2024-10-10 17:00:00,,511.332928
2024-10-10 18:00:00,,511.336936
2024-10-10 19:00:00,,511.33194399999996
2024-10-10 20:00:00,,511.33095199999997
2024-10-10 21:00:00,,511.33196
2024-10-10 22:00:00,,511.328968
2024-10-10 23:00:00,,511.324976
2024-10-11 00:00:00,,511.33098399999994
2024-10-11 01:00:00,,511.330992
2024-10-11 02:00:00,,511.33299999999997
2024-10-11 03:00:00,,511.331008
2024-10-11 04:00:00,,511.328016
2024-10-11 05:00:00,,511.32802399999997
2024-10-11 06:00:00,,511.327032
2024-10-11 07:00:00,,511.32104
2024-10-11 08:00:00,,511.322048
2024-10-11 09:00:00,,511.322056
2024-10-11 10:00:00,,511.32406399999996
2024-10-11 11:00:00,,511.32307199999997
2024-10-11 12:00:00,,511.33108
2024-10-11 13:00:00,,511.33208799999994
2024-10-11 14:00:00,,511.33509599999996
2024-10-11 15:00:00,,511.33510399999994
2024-10-11 16:00:00,,511.33811199999997
2024-10-11 17:00:00,,511.33412
2024-10-11 18:00:00,,511.333128
2024-10-11 19:00:00,,511.332136
2024-10-11 20:00:00,,511.32614399999994
2024-10-11 21:00:00,,511.32415199999997
2024-10-11 22:00:00,,511.32516
2024-10-11 23:00:00,,511.327168
2024-10-12 00:00:00,,511.328176
2024-10-12 01:00:00,,511.32918399999994
2024-10-12 02:00:00,,511.329192
2024-10-12 03:00:00,,511.33119999999997
2024-10-12 04:00:00,,511.33320799999996
2024-10-12 05:00:00,,511.331216
2024-10-12 06:00:00,,511.33122399999996
2024-10-12 07:00:00,,511.33023199999997
2024-10-12 08:00:00,,511.32723999999996
2024-10-12 09:00:00,,511.32724799999994
2024-10-12 10:00:00,,511.327256
2024-10-12 11:00:00,,511.326264
2024-10-12 12:00:00,,511.33627199999995
2024-10-12 13:00:00,,511.33727999999996
2024-10-12 14:00:00,,511.33428799999996
2024-10-12 15:00:00,,511.339296
2024-10-12 16:00:00,,511.338304
2024-10-12 17:00:00,,511.338312
2024-10-12 18:00:00,,511.33531999999997
2024-10-12 19:00:00,,511.338328
2024-10-12 20:00:00,,511.32933599999996
2024-10-12 21:00:00,,511.33634399999994
2024-10-12 22:00:00,,511.331352
2024-10-12 23:00:00,,511.32935999999995
2024-10-13 00:00:00,,511.331368
2024-10-13 01:00:00,,511.338376
2024-10-13 02:00:00,,511.335384
2024-10-13 03:00:00,,511.33539199999996
2024-10-13 04:00:00,,511.33439999999996
2024-10-13 05:00:00,,511.334408
2024-10-13 06:00:00,,511.33541599999995
2024-10-13 07:00:00,,511.330424
2024-10-13 08:00:00,,511.32843199999996
2024-10-13 09:00:00,,511.32843999999994
2024-10-13 10:00:00,,511.32744799999995
2024-10-13 11:00:00,,511.33045599999997
2024-10-13 12:00:00,,511.333464
2024-10-13 13:00:00,,511.34147199999995
2024-10-13 14:00:00,,511.34547999999995
2024-10-13 15:00:00,,511.34448799999996
2024-10-13 16:00:00,,511.34549599999997
2024-10-13 17:00:00,,511.348504
2024-10-13 18:00:00,,511.343512
2024-10-13 19:00:00,,511.34351999999996
2024-10-13 20:00:00,,511.338528
2024-10-13 21:00:00,,511.33253599999995
2024-10-13 22:00:00,,511.32954399999994
2024-10-13 23:00:00,,511.334552
2024-10-14 00:00:00,,511.33655999999996
2024-10-14 01:00:00,,511.33656799999994
2024-10-14 02:00:00,,511.33757599999996
2024-10-14 03:00:00,,511.342584
2024-10-14 04:00:00,,511.34359199999994
2024-10-14 05:00:00,,511.34159999999997
2024-10-14 06:00:00,,511.337608
2024-10-14 07:00:00,,511.332616
2024-10-14 08:00:00,,511.33262399999995
2024-10-14 09:00:00,,511.325632
2024-10-14 10:00:00,,511.32964
2024-10-14 11:00:00,,511.32964799999996
2024-10-14 12:00:00,,511.332656
2024-10-14 13:00:00,,511.33766399999996
2024-10-14 14:00:00,,511.34467199999995
2024-10-14 15:00:00,,511.34567999999996
2024-10-14 16:00:00,,511.346688
2024-10-14 17:00:00,,511.34669599999995
2024-10-14 18:00:00,,511.33570399999996
2024-10-14 19:00:00,,511.33471199999997
2024-10-14 20:00:00,,511.33471999999995
2024-10-14 21:00:00,,511.334728
2024-10-14 22:00:00,,511.331736
2024-10-14 23:00:00,,511.32674399999996
2024-10-15 00:00:00,,511.33275199999997
2024-10-15 01:00:00,,511.33075999999994
2024-10-15 02:00:00,,511.33376799999996
2024-10-15 03:00:00,,511.34277599999996
2024-10-15 04:00:00,,511.34378399999997
2024-10-15 05:00:00,,511.342792
2024-10-15 06:00:00,,511.3368
2024-10-15 07:00:00,,511.33280799999994
2024-10-15 08:00:00,,511.32481599999994
2024-10-15 09:00:00,,511.32582399999995
2024-10-15 10:00:00,,511.328832
2024-10-15 11:00:00,,511.32383999999996
2024-10-15 12:00:00,,511.33084799999995
2024-10-15 13:00:00,,511.33485599999995
2024-10-15 14:00:00,,511.339864
2024-10-15 15:00:00,,511.338872
2024-10-15 16:00:00,,511.34288
2024-10-15 17:00:00,,511.34088799999995
2024-10-15 18:00:00,,511.335896
2024-10-15 19:00:00,,511.339904
2024-10-15 20:00:00,,511.33291199999996
2024-10-15 21:00:00,,511.32892
2024-10-15 22:00:00,,511.329928
2024-10-15 23:00:00,,511.326936
2024-10-16 00:00:00,,511.335944
2024-10-16 01:00:00,,511.334952
2024-10-16 02:00:00,,511.33795999999995
2024-10-16 03:00:00,,511.342968
2024-10-16 04:00:00,,511.339976
2024-10-16 05:00:00,,511.343984
2024-10-16 06:00:00,,511.33399199999997
2024-10-16 07:00:00,,511.335
2024-10-16 08:00:00,,511.327008
2024-10-16 09:00:00,,511.32701599999996
2024-10-16 10:00:00,,511.32602399999996
2024-10-16 11:00:00,,511.327032
2024-10-16 12:00:00,,511.33003999999994
2024-10-16 13:00:00,,511.337048
2024-10-16 14:00:00,,511.341056
2024-10-16 15:00:00,,511.342064
2024-10-16 16:00:00,,511.342072
2024-10-16 17:00:00,,511.34007999999994
2024-10-16 18:00:00,,511.33908799999995
2024-10-16 19:00:00,,511.337096
2024-10-16 20:00:00,,511.340104
2024-10-16 21:00:00,,511.33411199999995
2024-10-16 22:00:00,,511.33511999999996
2024-10-16 23:00:00,,511.33012799999995
2024-10-17 00:00:00,,511.335136
2024-10-17 01:00:00,,511.33514399999996
2024-10-17 02:00:00,,511.338152
2024-10-17 03:00:00,,511.34115999999995
2024-10-17 04:00:00,,511.343168
2024-10-17 05:00:00,,511.338176
2024-10-17 06:00:00,,511.33518399999997
2024-10-17 07:00:00,,511.331192
2024-10-17 08:00:00,,511.3352
2024-10-17 09:00:00,,511.327208
2024-10-17 10:00:00,,511.32721599999996
2024-10-17 11:00:00,,511.32922399999995
2024-10-17 12:00:00,,511.332232
2024-10-17 13:00:00,,511.33523999999994
2024-10-17 14:00:00,,511.337248
2024-10-17 15:00:00,,511.33825599999994
2024-10-17 16:00:00,,511.33926399999996
2024-10-17 17:00:00,,511.342272
2024-10-17 18:00:00,,511.33827999999994
2024-10-17 19:00:00,,511.335288
2024-10-17 20:00:00,,511.327296
2024-10-17 21:00:00,,511.326304
2024-10-17 22:00:00,,511.32431199999996
2024-10-17 23:00:00,,511.32732
2024-10-18 00:00:00,,511.33232799999996
2024-10-18 01:00:00,,511.33133599999996
2024-10-18 02:00:00,,511.334344
2024-10-18 03:00:00,,511.331352
2024-10-18 04:00:00,,511.33536
2024-10-18 05:00:00,,511.32636799999995
2024-10-18 06:00:00,,511.33037599999994
2024-10-18 07:00:00,,511.32838399999997
2024-10-18 08:00:00,,511.324392
2024-10-18 09:00:00,,511.32039999999995
2024-10-18 10:00:00,,511.32440799999995
2024-10-18 11:00:00,,511.32541599999996
2024-10-18 12:00:00,,511.32942399999996
2024-10-18 13:00:00,,511.330432
2024-10-18 14:00:00,,511.33444
2024-10-18 15:00:00,,511.33844799999997
2024-10-18 16:00:00,,511.33645599999994
2024-10-18 17:00:00,,511.33946399999996
2024-10-18 18:00:00,,511.33847199999997
2024-10-18 19:00:00,,511.33347999999995
2024-10-18 20:00:00,,511.328488
2024-10-18 21:00:00,,511.327496
2024-10-18 22:00:00,,511.329504
2024-10-18 23:00:00,,511.323512
2024-10-19 00:00:00,,511.32451999999995
2024-10-19 01:00:00,,511.322528
2024-10-19 02:00:00,,511.323536
2024-10-19 03:00:00,,511.32654399999996
2024-10-19 04:00:00,,511.326552
2024-10-19 05:00:00,,511.32455999999996
2024-10-19 06:00:00,,511.32856799999996
2024-10-19 07:00:00,,511.31857599999995
2024-10-19 08:00:00,,511.32058399999994
2024-10-19 09:00:00,,511.317592
2024-10-19 10:00:00,,511.32059999999996
2024-10-19 11:00:00,,511.31760799999995
2024-10-19 12:00:00,,511.31861599999996
2024-10-19 13:00:00,,511.321624
2024-10-19 14:00:00,,511.32463199999995
2024-10-19 15:00:00,,511.33063999999996
2024-10-19 16:00:00,,511.33764799999994
2024-10-19 17:00:00,,511.33365599999996
2024-10-19 18:00:00,,511.33066399999996
2024-10-19 19:00:00,,511.33167199999997
2024-10-19 20:00:00,,511.33068
2024-10-19 21:00:00,,511.329688
2024-10-19 22:00:00,,511.31969599999996
2024-10-19 23:00:00,,511.325704
2024-10-20 00:00:00,,511.32271199999997
2024-10-20 01:00:00,,511.31771999999995
2024-10-20 02:00:00,,511.32372799999996
2024-10-20 03:00:00,,511.32373599999994
2024-10-20 04:00:00,,511.32174399999997
2024-10-20 05:00:00,,511.322752
2024-10-20 06:00:00,,511.31775999999996
2024-10-20 07:00:00,,511.313768
2024-10-20 08:00:00,,511.31377599999996
2024-10-20 09:00:00,,511.314784
2024-10-20 10:00:00,,511.31679199999996
2024-10-20 11:00:00,,511.32079999999996
2024-10-20 12:00:00,,511.321808
2024-10-20 13:00:00,,511.32481599999994
2024-10-20 14:00:00,,511.32782399999996
2024-10-20 15:00:00,,511.328832
2024-10-20 16:00:00,,511.33183999999994
2024-10-20 17:00:00,,511.331848
2024-10-20 18:00:00,,511.332856
2024-10-20 19:00:00,,511.331864
2024-10-20 20:00:00,,511.33287199999995
2024-10-20 21:00:00,,511.33187999999996
2024-10-20 22:00:00,,511.32888799999995
2024-10-20 23:00:00,,511.323896
2024-10-21 00:00:00,,511.32690399999996
2024-10-21 01:00:00,,511.324912
2024-10-21 02:00:00,,511.32692
2024-10-21 03:00:00,,511.32692799999995
2024-10-21 04:00:00,,511.32593599999996
2024-10-21 05:00:00,,511.32794399999995
2024-10-21 06:00:00,,511.32395199999996
2024-10-21 07:00:00,,511.32395999999994
2024-10-21 08:00:00,,511.318968
2024-10-21 09:00:00,,511.31697599999995
2024-10-21 10:00:00,,511.316984
2024-10-21 11:00:00,,511.31799199999995
2024-10-21 12:00:00,,511.32699999999994
2024-10-21 13:00:00,,511.33000799999996
2024-10-21 14:00:00,,511.326016
2024-10-21 15:00:00,,511.330024
2024-10-21 16:00:00,,511.33303199999995
2024-10-21 17:00:00,,511.33504
2024-10-21 18:00:00,,511.33804799999996
2024-10-21 19:00:00,,511.33505599999995
2024-10-21 20:00:00,,511.33406399999996
2024-10-21 21:00:00,,511.330072
2024-10-21 22:00:00,,511.33207999999996
2024-10-21 23:00:00,,511.32908799999996
2024-10-22 00:00:00,,511.329096
2024-10-22 01:00:00,,511.32810399999994
2024-10-22 02:00:00,,511.32711199999994
2024-10-22 03:00:00,,511.33412
2024-10-22 04:00:00,,511.33212799999995
2024-10-22 05:00:00,,511.33113599999996
2024-10-22 06:00:00,,511.32814399999995
2024-10-22 07:00:00,,511.33015199999994
2024-10-22 08:00:00,,511.32516
2024-10-22 09:00:00,,511.32116799999994
2024-10-22 10:00:00,,511.321176
2024-10-22 11:00:00,,511.32618399999996
2024-10-22 12:00:00,,511.32319199999995
2024-10-22 13:00:00,,511.33119999999997
2024-10-22 14:00:00,,511.32820799999996
2024-10-22 15:00:00,,511.333216
2024-10-22 16:00:00,,511.335224
2024-10-22 17:00:00,,511.33323199999995
2024-10-22 18:00:00,,511.32824
2024-10-22 19:00:00,,511.335248
2024-10-22 20:00:00,,511.32625599999994
2024-10-22 21:00:00,,511.33026399999994
2024-10-22 22:00:00,,511.327272
2024-10-22 23:00:00,,511.33027999999996
2024-10-23 00:00:00,,511.32528799999994
2024-10-23 01:00:00,,511.32929599999994
2024-10-23 02:00:00,,511.33230399999997
2024-10-23 03:00:00,,511.33231199999994
2024-10-23 04:00:00,,511.33232
2024-10-23 05:00:00,,511.32532799999996
2024-10-23 06:00:00,,511.32733599999995
2024-10-23 07:00:00,,511.322344
2024-10-23 08:00:00,,511.324352
2024-10-23 09:00:00,,511.31836
2024-10-23 10:00:00,,511.320368
2024-10-23 11:00:00,,511.32037599999995
2024-10-23 12:00:00,,511.32138399999997
2024-10-23 13:00:00,,511.32339199999996
2024-10-23 14:00:00,,511.32939999999996
2024-10-23 15:00:00,,511.330408
2024-10-23 16:00:00,,511.33041599999996
2024-10-23 17:00:00,,511.330424
2024-10-23 18:00:00,,511.325432
2024-10-23 19:00:00,,511.32244
2024-10-23 20:00:00,,511.32444799999996
2024-10-23 21:00:00,,511.322456
2024-10-23 22:00:00,,511.32346399999994
2024-10-23 23:00:00,,511.32447199999996
2024-10-24 00:00:00,,511.32448
2024-10-24 01:00:00,,511.32748799999996
2024-10-24 02:00:00,,511.32649599999996
2024-10-24 03:00:00,,511.327504
2024-10-24 04:00:00,,511.32551199999995
2024-10-24 05:00:00,,511.32451999999995
2024-10-24 06:00:00,,511.32052799999997
2024-10-24 07:00:00,,511.321536
2024-10-24 08:00:00,,511.31654399999996
2024-10-24 09:00:00,,511.31355199999996
2024-10-24 10:00:00,,511.31456
2024-10-24 11:00:00,,511.31656799999996
2024-10-24 12:00:00,,511.32057599999996
2024-10-24 13:00:00,,511.323584
2024-10-24 14:00:00,,511.32359199999996
2024-10-24 15:00:00,,511.3266
2024-10-24 16:00:00,,511.32760799999994
2024-10-24 17:00:00,,511.329616
2024-10-24 18:00:00,,511.324624
2024-10-24 19:00:00,,511.31963199999996
2024-10-24 20:00:00,,511.31863999999996
2024-10-24 21:00:00,,511.314648
2024-10-24 22:00:00,,511.315656
2024-10-24 23:00:00,,511.31566399999997
2024-10-25 00:00:00,,511.318672
2024-10-25 01:00:00,,511.31967999999995
2024-10-25 02:00:00,,511.31368799999996
2024-10-25 03:00:00,,511.32469599999996
2024-10-25 04:00:00,,511.31970399999994
2024-10-25 05:00:00,,511.32071199999996
2024-10-25 06:00:00,,511.32171999999997
2024-10-25 07:00:00,,511.31872799999996
2024-10-25 08:00:00,,511.316736
2024-10-25 09:00:00,,511.311744
2024-10-25 10:00:00,,511.315752
2024-10-25 11:00:00,,511.31775999999996
2024-10-25 12:00:00,,511.31976799999995
2024-10-25 13:00:00,,511.32377599999995
2024-10-25 14:00:00,,511.32478399999997
2024-10-25 15:00:00,,511.32879199999996
2024-10-25 16:00:00,,511.32879999999994
2024-10-25 17:00:00,,511.32780799999995
2024-10-25 18:00:00,,511.32481599999994
2024-10-25 19:00:00,,511.32782399999996
2024-10-25 20:00:00,,511.320832
2024-10-25 21:00:00,,511.32084
2024-10-25 22:00:00,,511.316848
2024-10-25 23:00:00,,511.320856
2024-10-26 00:00:00,,511.32186399999995
2024-10-26 01:00:00,,511.32587199999995
2024-10-26 02:00:00,,511.32388
2024-10-26 03:00:00,,511.322888
2024-10-26 04:00:00,,511.32589599999994
2024-10-26 05:00:00,,511.32390399999997
2024-10-26 06:00:00,,511.31691199999995
2024-10-26 07:00:00,,511.31892
2024-10-26 08:00:00,,511.31692799999996
2024-10-26 09:00:00,,511.32093599999996
2024-10-26 10:00:00,,511.316944
2024-10-26 11:00:00,,511.322952
2024-10-26 12:00:00,,511.32496
2024-10-26 13:00:00,,511.330968
2024-10-26 14:00:00,,511.33397599999995
2024-10-26 15:00:00,,511.33298399999995
2024-10-26 16:00:00,,511.33499199999994
2024-10-26 17:00:00,,511.33099999999996
2024-10-26 18:00:00,,511.33300799999995
2024-10-26 19:00:00,,511.33201599999995
2024-10-26 20:00:00,,511.32902399999995
2024-10-26 21:00:00,,511.33003199999996
2024-10-26 22:00:00,,511.32604
2024-10-26 23:00:00,,511.32804799999997
2024-10-27 00:00:00,,511.32705599999997
2024-10-27 01:00:00,,511.326064
2024-10-27 02:00:00,,511.332072
2024-10-27 03:00:00,,511.33308
2024-10-27 04:00:00,,511.32908799999996
2024-10-27 05:00:00,,511.32309599999996
2024-10-27 06:00:00,,511.32210399999997
2024-10-27 07:00:00,,511.32211199999995
2024-10-27 08:00:00,,511.31712
2024-10-27 09:00:00,,511.31812799999994
2024-10-27 10:00:00,,511.31713599999995
2024-10-27 11:00:00,,511.32314399999996
2024-10-27 12:00:00,,511.319152
2024-10-27 13:00:00,,511.32316
2024-10-27 14:00:00,,511.32316799999995
2024-10-27 15:00:00,,511.330176
2024-10-27 16:00:00,,511.325184
2024-10-27 17:00:00,,511.32819199999994
2024-10-27 18:00:00,,511.3262
2024-10-27 19:00:00,,511.320208
2024-10-27 20:00:00,,511.317216
2024-10-27 21:00:00,,511.31722399999995
2024-10-27 22:00:00,,511.31423199999995
2024-10-27 23:00:00,,511.31723999999997
2024-10-28 00:00:00,,511.31224799999995
2024-10-28 01:00:00,,511.31825599999996
2024-10-28 02:00:00,,511.32526399999995
2024-10-28 03:00:00,,511.323272
2024-10-28 04:00:00,,511.31827999999996
2024-10-28 05:00:00,,511.31728799999996
2024-10-28 06:00:00,,511.31229599999995
2024-10-28 07:00:00,,511.31130399999995
2024-10-28 08:00:00,,511.31031199999995
2024-10-28 09:00:00,,511.30532
2024-10-28 10:00:00,,511.30832799999996
2024-10-28 11:00:00,,511.309336
2024-10-28 12:00:00,,511.320344
2024-10-28 13:00:00,,511.314352
2024-10-28 14:00:00,,511.31735999999995
2024-10-28 15:00:00,,511.324368
2024-10-28 16:00:00,,511.326376
2024-10-28 17:00:00,,511.32138399999997
2024-10-28 18:00:00,,511.319392
2024-10-28 19:00:00,,511.31739999999996
2024-10-28 20:00:00,,511.308408
2024-10-28 21:00:00,,511.310416
2024-10-28 22:00:00,,511.309424
2024-10-28 23:00:00,,511.308432
2024-10-29 00:00:00,,511.31343999999996
2024-10-29 01:00:00,,511.31444799999997
2024-10-29 02:00:00,,511.315456
2024-10-29 03:00:00,,511.317464
2024-10-29 04:00:00,,511.31447199999997
2024-10-29 05:00:00,,511.31347999999997
2024-10-29 06:00:00,,511.312488
2024-10-29 07:00:00,,511.30549599999995
2024-10-29 08:00:00,,511.305504
2024-10-29 09:00:00,,511.30051199999997
2024-10-29 10:00:00,,511.30551999999994
2024-10-29 11:00:00,,511.30452799999995
2024-10-29 12:00:00,,511.311536
2024-10-29 13:00:00,,511.315544
2024-10-29 14:00:00,,511.317552
2024-10-29 15:00:00,,511.32356
2024-10-29 16:00:00,,511.32356799999997
2024-10-29 17:00:00,,511.317576
2024-10-29 18:00:00,,511.32258399999995
2024-10-29 19:00:00,,511.317592
2024-10-29 20:00:00,,511.3126
2024-10-29 21:00:00,,511.31260799999995
2024-10-29 22:00:00,,511.30961599999995
2024-10-29 23:00:00,,511.307624
2024-10-30 00:00:00,,511.30963199999997
2024-10-30 01:00:00,,511.31363999999996
2024-10-30 02:00:00,,511.318648
2024-10-30 03:00:00,,511.318656
2024-10-30 04:00:00,,511.32066399999997
2024-10-30 05:00:00,,511.318672
2024-10-30 06:00:00,,511.32068
2024-10-30 07:00:00,,511.319688
2024-10-30 08:00:00,,511.30869599999994
2024-10-30 09:00:00,,511.31270399999994
2024-10-30 10:00:00,,511.309712
2024-10-30 11:00:00,,511.31872
2024-10-30 12:00:00,,511.31872799999996
2024-10-30 13:00:00,,511.31873599999994
2024-10-30 14:00:00,,511.325744
2024-10-30 15:00:00,,511.32675199999994
2024-10-30 16:00:00,,511.32975999999996
2024-10-30 17:00:00,,511.32976799999994
2024-10-30 18:00:00,,511.327776
2024-10-30 19:00:00,,511.32778399999995
2024-10-30 20:00:00,,511.32379199999997
2024-10-30 21:00:00,,511.3218
2024-10-30 22:00:00,,511.316808
2024-10-30 23:00:00,,511.31981599999995
2024-10-31 00:00:00,,511.317824
2024-10-31 01:00:00,,511.321832
2024-10-31 02:00:00,,511.32183999999995
2024-10-31 03:00:00,,511.32784799999996
2024-10-31 04:00:00,,511.32685599999996
2024-10-31 05:00:00,,511.324864
2024-10-31 06:00:00,,511.323872
2024-10-31 07:00:00,,511.31687999999997
2024-10-31 08:00:00,,511.30988799999994
2024-10-31 09:00:00,,511.31389599999994
2024-10-31 10:00:00,,511.31690399999997
2024-10-31 11:00:00,,511.319912
2024-10-31 12:00:00,,511.31391999999994
2024-10-31 13:00:00,,511.320928
2024-10-31 14:00:00,,511.32893599999994
2024-10-31 15:00:00,,511.32994399999995
2024-10-31 16:00:00,,511.332952
2024-10-31 17:00:00,,511.33595999999994
2024-10-31 18:00:00,,511.328968
2024-10-31 19:00:00,,511.332976
2024-10-31 20:00:00,,511.326984
2024-10-31 21:00:00,,511.32299199999994
2024-10-31 22:00:00,,511.318
2024-10-31 23:00:00,,511.317008
2024-11-01 00:00:00,,511.31701599999997
2024-11-01 01:00:00,,511.31902399999996
2024-11-01 02:00:00,,511.322032
2024-11-01 03:00:00,,511.32403999999997
2024-11-01 04:00:00,,511.32404799999995
2024-11-01 05:00:00,,511.322056
2024-11-01 06:00:00,,511.318064
2024-11-01 07:00:00,,511.31107199999997
2024-11-01 08:00:00,,511.32507999999996
2024-11-01 09:00:00,,511.311088
2024-11-01 10:00:00,,511.317096
2024-11-01 11:00:00,,511.316104
2024-11-01 12:00:00,,511.31411199999997
2024-11-01 13:00:00,,511.32212
2024-11-01 14:00:00,,511.326128
2024-11-01 15:00:00,,511.32613599999996
2024-11-01 16:00:00,,511.33014399999996
2024-11-01 17:00:00,,511.33015199999994
2024-11-01 18:00:00,,511.33315999999996
2024-11-01 19:00:00,,511.329168
2024-11-01 20:00:00,,511.32517599999994
2024-11-01 21:00:00,,511.322184
2024-11-01 22:00:00,,511.31819199999995
2024-11-01 23:00:00,,511.3182
2024-11-02 00:00:00,,511.31820799999997
2024-11-02 01:00:00,,511.317216
2024-11-02 02:00:00,,511.31922399999996
2024-11-02 03:00:00,,511.324232
2024-11-02 04:00:00,,511.32323999999994
2024-11-02 05:00:00,,511.31924799999996
2024-11-02 06:00:00,,511.31825599999996
2024-11-02 07:00:00,,511.314264
2024-11-02 08:00:00,,511.31227199999995
2024-11-02 09:00:00,,511.31127999999995
2024-11-02 10:00:00,,511.314288
2024-11-02 11:00:00,,511.31129599999997
2024-11-02 12:00:00,,511.31530399999997
2024-11-02 13:00:00,,511.31731199999996
2024-11-02 14:00:00,,511.31931999999995
2024-11-02 15:00:00,,511.32032799999996
2024-11-02 16:00:00,,511.32433599999996
2024-11-02 17:00:00,,511.32834399999996
2024-11-02 18:00:00,,511.32535199999995
2024-11-02 19:00:00,,511.32336
2024-11-02 20:00:00,,511.32136799999995
2024-11-02 21:00:00,,511.31737599999997
2024-11-02 22:00:00,,511.31938399999996
2024-11-02 23:00:00,,511.31639199999995
2024-11-03 00:00:00,,511.32039999999995
2024-11-03 01:00:00,,511.31940799999995
2024-11-03 02:00:00,,511.31841599999996
2024-11-03 03:00:00,,511.32442399999996
2024-11-03 04:00:00,,511.32643199999995
2024-11-03 05:00:00,,511.32143999999994
2024-11-03 06:00:00,,511.31944799999997
2024-11-03 07:00:00,,511.31845599999997
2024-11-03 08:00:00,,511.314464
2024-11-03 09:00:00,,511.30947199999997
2024-11-03 10:00:00,,511.31147999999996
2024-11-03 11:00:00,,511.31148799999994
2024-11-03 12:00:00,,511.313496
2024-11-03 13:00:00,,511.319504
2024-11-03 14:00:00,,511.321512
2024-11-03 15:00:00,,511.32552
2024-11-03 16:00:00,,511.324528
2024-11-03 17:00:00,,511.32453599999997
2024-11-03 18:00:00,,511.32454399999995
2024-11-03 19:00:00,,511.33055199999995
2024-11-03 20:00:00,,511.32255999999995
2024-11-03 21:00:00,,511.32156799999996
2024-11-03 22:00:00,,511.314576
2024-11-03 23:00:00,,511.31758399999995
2024-11-04 00:00:00,,511.315592
2024-11-04 01:00:00,,511.3166
2024-11-04 02:00:00,,511.32260799999995
2024-11-04 03:00:00,,511.31661599999995
2024-11-04 04:00:00,,511.31862399999994
2024-11-04 05:00:00,,511.31963199999996
2024-11-04 06:00:00,,511.31363999999996
2024-11-04 07:00:00,,511.31264799999997
2024-11-04 08:00:00,,511.310656
2024-11-04 09:00:00,,511.307664
2024-11-04 10:00:00,,511.306672
2024-11-04 11:00:00,,511.30668
2024-11-04 12:00:00,,511.30468799999994
2024-11-04 13:00:00,,511.31269599999996
2024-11-04 14:00:00,,511.31270399999994
2024-11-04 15:00:00,,511.31871199999995
2024-11-04 16:00:00,,511.32072
2024-11-04 17:00:00,,511.32572799999997
2024-11-04 18:00:00,,511.321736
2024-11-04 19:00:00,,511.32274399999994
2024-11-04 20:00:00,,511.319752
2024-11-04 21:00:00,,511.32075999999995
2024-11-04 22:00:00,,511.31676799999997
2024-11-04 23:00:00,,511.31577599999997
2024-11-05 00:00:00,,511.314784
2024-11-05 01:00:00,,511.31779199999994
2024-11-05 02:00:00,,511.3178
2024-11-05 03:00:00,,511.31480799999997
2024-11-05 04:00:00,,511.317816
2024-11-05 05:00:00,,511.32082399999996
2024-11-05 06:00:00,,511.31583199999994
2024-11-05 07:00:00,,511.30983999999995
2024-11-05 08:00:00,,511.31084799999996
2024-11-05 09:00:00,,511.31285599999995
2024-11-05 10:00:00,,511.30986399999995
2024-11-05 11:00:00,,511.307872
2024-11-05 12:00:00,,511.30987999999996
2024-11-05 13:00:00,,511.319888
2024-11-05 14:00:00,,511.31789599999996
2024-11-05 15:00:00,,511.31990399999995
2024-11-05 16:00:00,,511.322912
2024-11-05 17:00:00,,511.32491999999996
2024-11-05 18:00:00,,511.32392799999997
2024-11-05 19:00:00,,511.32093599999996
2024-11-05 20:00:00,,511.32094399999994
2024-11-05 21:00:00,,511.32195199999995
2024-11-05 22:00:00,,511.31795999999997
2024-11-05 23:00:00,,511.31496799999996
2024-11-06 00:00:00,,511.315976
2024-11-06 01:00:00,,511.31398399999995
2024-11-06 02:00:00,,511.315992
2024-11-06 03:00:00,,511.325
2024-11-06 04:00:00,,511.315008
2024-11-06 05:00:00,,511.314016
2024-11-06 06:00:00,,511.30902399999997
2024-11-06 07:00:00,,511.29703199999994
2024-11-06 08:00:00,,511.30704
2024-11-06 09:00:00,,511.31204799999995
2024-11-06 10:00:00,,511.30905599999994
2024-11-06 11:00:00,,511.311064
2024-11-06 12:00:00,,511.31607199999996
2024-11-06 13:00:00,,511.31908
2024-11-06 14:00:00,,511.31708799999996
2024-11-06 15:00:00,,511.31609599999996
2024-11-06 16:00:00,,511.324104
2024-11-06 17:00:00,,511.318112
2024-11-06 18:00:00,,511.31712
2024-11-06 19:00:00,,511.321128
2024-11-06 20:00:00,,511.316136
2024-11-06 21:00:00,,511.31414399999994
2024-11-06 22:00:00,,511.31215199999997
2024-11-06 23:00:00,,511.31316
2024-11-07 00:00:00,,511.314168
2024-11-07 01:00:00,,511.321176
2024-11-07 02:00:00,,511.317184
2024-11-07 03:00:00,,511.317192
2024-11-07 04:00:00,,511.30319999999995
2024-11-07 05:00:00,,511.305208
2024-11-07 06:00:00,,511.29421599999995
2024-11-07 07:00:00,,511.309224
2024-11-07 08:00:00,,511.300232
2024-11-07 09:00:00,,511.30523999999997
2024-11-07 10:00:00,,511.306248
2024-11-07 11:00:00,,511.307256
2024-11-07 12:00:00,,511.29626399999995
2024-11-07 13:00:00,,511.298272
2024-11-07 14:00:00,,511.31427999999994
2024-11-07 15:00:00,,511.31028799999996
2024-11-07 16:00:00,,511.320296
2024-11-07 17:00:00,,511.32530399999996
2024-11-07 18:00:00,,511.316312
2024-11-07 19:00:00,,511.31631999999996
2024-11-07 20:00:00,,511.31132799999995
2024-11-07 21:00:00,,511.31433599999997
2024-11-07 22:00:00,,511.30934399999995
2024-11-07 23:00:00,,511.309352
2024-11-08 00:00:00,,511.31435999999997
2024-11-08 01:00:00,,511.31436799999994
2024-11-08 02:00:00,,511.314376
2024-11-08 03:00:00,,511.315384
2024-11-08 04:00:00,,511.310392
2024-11-08 05:00:00,,511.30839999999995
2024-11-08 06:00:00,,511.31640799999997
2024-11-08 07:00:00,,511.310416
2024-11-08 08:00:00,,511.309424
2024-11-08 09:00:00,,511.30443199999996
2024-11-08 10:00:00,,511.30843999999996
2024-11-08 11:00:00,,511.30544799999996
2024-11-08 12:00:00,,511.30745599999995
2024-11-08 13:00:00,,511.31346399999995
2024-11-08 14:00:00,,511.31547199999994
2024-11-08 15:00:00,,511.31548
2024-11-08 16:00:00,,511.31748799999997
2024-11-08 17:00:00,,511.31749599999995
2024-11-08 18:00:00,,511.319504
2024-11-08 19:00:00,,511.31551199999996
2024-11-08 20:00:00,,511.31852
2024-11-08 21:00:00,,511.314528
2024-11-08 22:00:00,,511.314536
2024-11-08 23:00:00,,511.313544
2024-11-09 00:00:00,,511.31555199999997
2024-11-09 01:00:00,,511.31355999999994
2024-11-09 02:00:00,,511.320568
2024-11-09 03:00:00,,511.31657599999994
2024-11-09 04:00:00,,511.318584
2024-11-09 05:00:00,,511.315592
2024-11-09 06:00:00,,511.31559999999996
2024-11-09 07:00:00,,511.31260799999995
2024-11-09 08:00:00,,511.30961599999995
2024-11-09 09:00:00,,511.31362399999995
2024-11-09 10:00:00,,511.313632
2024-11-09 11:00:00,,511.31264
2024-11-09 12:00:00,,511.316648
2024-11-09 13:00:00,,511.318656
2024-11-09 14:00:00,,511.32066399999997
2024-11-09 15:00:00,,511.30567199999996
2024-11-09 16:00:00,,511.30868
2024-11-09 17:00:00,,511.30368799999997
2024-11-09 18:00:00,,511.299696
2024-11-09 19:00:00,,511.298704
2024-11-09 20:00:00,,511.29471199999995
2024-11-09 21:00:00,,511.29472
2024-11-09 22:00:00,,511.291728
2024-11-09 23:00:00,,511.304736
2024-11-10 00:00:00,,511.306744
2024-11-10 01:00:00,,511.315752
2024-11-10 02:00:00,,511.30175999999994
2024-11-10 03:00:00,,511.30776799999995
2024-11-10 04:00:00,,511.307776
2024-11-10 05:00:00,,511.30878399999995
2024-11-10 06:00:00,,511.306792
2024-11-10 07:00:00,,511.30479999999994
2024-11-10 08:00:00,,511.30580799999996
2024-11-10 09:00:00,,511.30681599999997
2024-11-10 10:00:00,,511.30182399999995
2024-11-10 11:00:00,,511.30783199999996
2024-11-10 12:00:00,,511.30783999999994
2024-11-10 13:00:00,,511.314848
2024-11-10 14:00:00,,511.313856
2024-11-10 15:00:00,,511.31886399999996
2024-11-10 16:00:00,,511.319872
2024-11-10 17:00:00,,511.31888
2024-11-10 18:00:00,,511.31888799999996
2024-11-10 19:00:00,,511.32089599999995
2024-11-10 20:00:00,,511.30790399999995
2024-11-10 21:00:00,,511.30691199999995
2024-11-10 22:00:00,,511.30791999999997
2024-11-10 23:00:00,,511.310928
2024-11-11 00:00:00,,511.309936
2024-11-11 01:00:00,,511.31094399999995
2024-11-11 02:00:00,,511.312952
2024-11-11 03:00:00,,511.30296
2024-11-11 04:00:00,,511.299968
2024-11-11 05:00:00,,511.31197599999996
2024-11-11 06:00:00,,511.30698399999994
2024-11-11 07:00:00,,511.29599199999996
2024-11-11 08:00:00,,511.299
2024-11-11 09:00:00,,511.30400799999995
2024-11-11 10:00:00,,511.309016
2024-11-11 11:00:00,,511.31002399999994
2024-11-11 12:00:00,,511.312032
2024-11-11 13:00:00,,511.32304
2024-11-11 14:00:00,,511.327048
2024-11-11 15:00:00,,511.32305599999995
2024-11-11 16:00:00,,511.323064
2024-11-11 17:00:00,,511.325072
2024-11-11 18:00:00,,511.32408
2024-11-11 19:00:00,,511.31708799999996
2024-11-11 20:00:00,,511.313096
2024-11-11 21:00:00,,511.312104
2024-11-11 22:00:00,,511.311112
2024-11-11 23:00:00,,511.31311999999997
2024-11-12 00:00:00,,511.319128
2024-11-12 01:00:00,,511.31713599999995
2024-11-12 02:00:00,,511.31814399999996
2024-11-12 03:00:00,,511.32015199999995
2024-11-12 04:00:00,,511.31816
2024-11-12 05:00:00,,511.30316799999997
2024-11-12 06:00:00,,511.314176
2024-11-12 07:00:00,,511.308184
2024-11-12 08:00:00,,511.307192
2024-11-12 09:00:00,,511.30319999999995
2024-11-12 10:00:00,,511.301208
2024-11-12 11:00:00,,511.302216
2024-11-12 12:00:00,,511.301224
2024-11-12 13:00:00,,511.30423199999996
2024-11-12 14:00:00,,511.30924
2024-11-12 15:00:00,,511.306248
2024-11-12 16:00:00,,511.31425599999994
2024-11-12 17:00:00,,511.316264
2024-11-12 18:00:00,,511.315272
2024-11-12 19:00:00,,511.31528
2024-11-12 20:00:00,,511.316288
2024-11-12 21:00:00,,511.310296
2024-11-12 22:00:00,,511.31130399999995
2024-11-12 23:00:00,,511.306312
2024-11-13 00:00:00,,511.30532
2024-11-13 01:00:00,,511.309328
2024-11-13 02:00:00,,511.31433599999997
2024-11-13 03:00:00,,511.313344
2024-11-13 04:00:00,,511.31835199999995
2024-11-13 05:00:00,,511.31735999999995
2024-11-13 06:00:00,,511.31436799999994
2024-11-13 07:00:00,,511.307376
2024-11-13 08:00:00,,511.30238399999996
2024-11-13 09:00:00,,511.29939199999995
2024-11-13 10:00:00,,511.30339999999995
2024-11-13 11:00:00,,511.303408
2024-11-13 12:00:00,,511.30641599999996
2024-11-13 13:00:00,,511.311424
2024-11-13 14:00:00,,511.31243199999994
2024-11-13 15:00:00,,511.32144
2024-11-13 16:00:00,,511.31944799999997
2024-11-13 17:00:00,,511.317456
2024-11-13 18:00:00,,511.31146399999994
2024-11-13 19:00:00,,511.30947199999997
2024-11-13 20:00:00,,511.30647999999997
2024-11-13 21:00:00,,511.304488
2024-11-13 22:00:00,,511.303496
2024-11-13 23:00:00,,511.30150399999997
2024-11-14 00:00:00,,511.307512
2024-11-14 01:00:00,,511.30951999999996
2024-11-14 02:00:00,,511.30952799999994
2024-11-14 03:00:00,,511.31053599999996
2024-11-14 04:00:00,,511.30954399999996
2024-11-14 05:00:00,,511.30655199999995
2024-11-14 06:00:00,,511.30456
2024-11-14 07:00:00,,511.30656799999997
2024-11-14 08:00:00,,511.297576
2024-11-14 09:00:00,,511.294584
2024-11-14 10:00:00,,511.303592
2024-11-14 11:00:00,,511.3026
2024-11-14 12:00:00,,511.301608
2024-11-14 13:00:00,,511.308616
2024-11-14 14:00:00,,511.31362399999995
2024-11-14 15:00:00,,511.31963199999996
2024-11-14 16:00:00,,511.31764
2024-11-14 17:00:00,,511.316648
2024-11-14 18:00:00,,511.31965599999995
2024-11-14 19:00:00,,511.30966399999994
2024-11-14 20:00:00,,511.306672
2024-11-14 21:00:00,,511.30967999999996
2024-11-14 22:00:00,,511.29968799999995
2024-11-14 23:00:00,,511.30069599999996
2024-11-15 00:00:00,,511.300704
2024-11-15 01:00:00,,511.300712
2024-11-15 02:00:00,,511.31172
2024-11-15 03:00:00,,511.31172799999996
2024-11-15 04:00:00,,511.311736
2024-11-15 05:00:00,,511.31274399999995
2024-11-15 06:00:00,,511.30675199999996
2024-11-15 07:00:00,,511.30476
2024-11-15 08:00:00,,511.303768
2024-11-15 09:00:00,,511.29977599999995
2024-11-15 10:00:00,,511.30178399999994
2024-11-15 11:00:00,,511.301792
2024-11-15 12:00:00,,511.30879999999996
2024-11-15 13:00:00,,511.31080799999995
2024-11-15 14:00:00,,511.31881599999997
2024-11-15 15:00:00,,511.319824
2024-11-15 16:00:00,,511.32483199999996
2024-11-15 17:00:00,,511.32284
2024-11-15 18:00:00,,511.326848
2024-11-15 19:00:00,,511.31985599999996
2024-11-15 20:00:00,,511.312864
2024-11-15 21:00:00,,511.314872
2024-11-15 22:00:00,,511.31287999999995
2024-11-15 23:00:00,,511.310888
2024-11-16 00:00:00,,511.31089599999996
2024-11-16 01:00:00,,511.313904
2024-11-16 02:00:00,,511.319912
2024-11-16 03:00:00,,511.31991999999997
2024-11-16 04:00:00,,511.32392799999997
2024-11-16 05:00:00,,511.319936
2024-11-16 06:00:00,,511.31594399999994
2024-11-16 07:00:00,,511.317952
2024-11-16 08:00:00,,511.31195999999994
2024-11-16 09:00:00,,511.30796799999996
2024-11-16 10:00:00,,511.30997599999995
2024-11-16 11:00:00,,511.307984
2024-11-16 12:00:00,,511.315992
2024-11-16 13:00:00,,511.31399999999996
2024-11-16 14:00:00,,511.320008
2024-11-16 15:00:00,,511.324016
2024-11-16 16:00:00,,511.32202399999994
2024-11-16 17:00:00,,511.32503199999996
2024-11-16 18:00:00,,511.32604
2024-11-16 19:00:00,,511.322048
2024-11-16 20:00:00,,511.319056
2024-11-16 21:00:00,,511.316064
2024-11-16 22:00:00,,511.31207199999994
2024-11-16 23:00:00,,511.31408
2024-11-17 00:00:00,,511.31408799999997
2024-11-17 01:00:00,,511.31609599999996
2024-11-17 02:00:00,,511.317104
2024-11-17 03:00:00,,511.323112
2024-11-17 04:00:00,,511.32012
2024-11-17 05:00:00,,511.316128
2024-11-17 06:00:00,,511.316136
2024-11-17 07:00:00,,511.30814399999997
2024-11-17 08:00:00,,511.30315199999995
2024-11-17 09:00:00,,511.30116
2024-11-17 10:00:00,,511.30316799999997
2024-11-17 11:00:00,,511.29817599999996
2024-11-17 12:00:00,,511.30418399999996
2024-11-17 13:00:00,,511.305192
2024-11-17 14:00:00,,511.3062
2024-11-17 15:00:00,,511.30720799999995
2024-11-17 16:00:00,,511.31021599999997
2024-11-17 17:00:00,,511.31422399999997
2024-11-17 18:00:00,,511.315232
2024-11-17 19:00:00,,511.31224
2024-11-17 20:00:00,,511.31924799999996
2024-11-17 21:00:00,,511.305256
2024-11-17 22:00:00,,511.29826399999996
2024-11-17 23:00:00,,511.30227199999996
2024-11-18 00:00:00,,511.30228
2024-11-18 01:00:00,,511.29628799999995
2024-11-18 02:00:00,,511.30529599999994
2024-11-18 03:00:00,,511.309304
2024-11-18 04:00:00,,511.30831199999994
2024-11-18 05:00:00,,511.30631999999997
2024-11-18 06:00:00,,511.30332799999996
2024-11-18 07:00:00,,511.301336
2024-11-18 08:00:00,,511.305344
2024-11-18 09:00:00,,511.29835199999997
2024-11-18 10:00:00,,511.29535999999996
2024-11-18 11:00:00,,511.30136799999997
2024-11-18 12:00:00,,511.30037599999997
2024-11-18 13:00:00,,511.306384
2024-11-18 14:00:00,,511.310392
2024-11-18 15:00:00,,511.3074
2024-11-18 16:00:00,,511.311408
2024-11-18 17:00:00,,511.31341599999996
2024-11-18 18:00:00,,511.31342399999994
2024-11-18 19:00:00,,511.315432
2024-11-18 20:00:00,,511.31543999999997
2024-11-18 21:00:00,,511.30844799999994
2024-11-18 22:00:00,,511.30745599999995
2024-11-18 23:00:00,,511.305464
2024-11-19 00:00:00,,511.30547199999995
2024-11-19 01:00:00,,511.30647999999997
2024-11-19 02:00:00,,511.30848799999995
2024-11-19 03:00:00,,511.306496
2024-11-19 04:00:00,,511.307504
2024-11-19 05:00:00,,511.306512
2024-11-19 06:00:00,,511.30352
2024-11-19 07:00:00,,511.29952799999995
2024-11-19 08:00:00,,511.30053599999997
2024-11-19 09:00:00,,511.29754399999996
2024-11-19 10:00:00,,511.30155199999996
2024-11-19 11:00:00,,511.30255999999997
2024-11-19 12:00:00,,511.30656799999997
2024-11-19 13:00:00,,511.305576
2024-11-19 14:00:00,,511.309584
2024-11-19 15:00:00,,511.310592
2024-11-19 16:00:00,,511.3126
2024-11-19 17:00:00,,511.316608
2024-11-19 18:00:00,,511.317616
2024-11-19 19:00:00,,511.31562399999996
2024-11-19 20:00:00,,511.31463199999996
2024-11-19 21:00:00,,511.31463999999994
2024-11-19 22:00:00,,511.31264799999997
2024-11-19 23:00:00,,511.31165599999997
2024-11-20 00:00:00,,511.309664
2024-11-20 01:00:00,,511.309672
2024-11-20 02:00:00,,511.31068
2024-11-20 03:00:00,,511.30668799999995
2024-11-20 04:00:00,,511.31069599999995
2024-11-20 05:00:00,,511.303704
2024-11-20 06:00:00,,511.30671199999995
2024-11-20 07:00:00,,511.30571999999995
2024-11-20 08:00:00,,511.303728
2024-11-20 09:00:00,,511.300736
2024-11-20 10:00:00,,511.303744
2024-11-20 11:00:00,,511.30675199999996
2024-11-20 12:00:00,,511.30476
2024-11-20 13:00:00,,511.31076799999994
2024-11-20 14:00:00,,511.314776
2024-11-20 15:00:00,,511.31278399999997
2024-11-20 16:00:00,,511.31979199999995
2024-11-20 17:00:00,,511.3178
2024-11-20 18:00:00,,511.321808
2024-11-20 19:00:00,,511.31881599999997
2024-11-20 20:00:00,,511.317824
2024-11-20 21:00:00,,511.311832
2024-11-20 22:00:00,,511.31284
2024-11-20 23:00:00,,511.312848
2024-11-21 00:00:00,,511.313856
2024-11-21 01:00:00,,511.31486399999994
2024-11-21 02:00:00,,511.31387199999995
2024-11-21 03:00:00,,511.31388
2024-11-21 04:00:00,,511.31688799999995
2024-11-21 05:00:00,,511.31089599999996
2024-11-21 06:00:00,,511.310904
2024-11-21 07:00:00,,511.305912
2024-11-21 08:00:00,,511.30791999999997
2024-11-21 09:00:00,,511.310928
2024-11-21 10:00:00,,511.305936
2024-11-21 11:00:00,,511.309944
2024-11-21 12:00:00,,511.30995199999995
2024-11-21 13:00:00,,511.31195999999994
2024-11-21 14:00:00,,511.31796799999995
2024-11-21 15:00:00,,511.317976
2024-11-21 16:00:00,,511.312984
2024-11-21 17:00:00,,511.318992
2024-11-21 18:00:00,,511.31399999999996
2024-11-21 19:00:00,,511.317008
2024-11-21 20:00:00,,511.31201599999997
2024-11-21 21:00:00,,511.31702399999995
2024-11-21 22:00:00,,511.317032
2024-11-21 23:00:00,,511.31003999999996
2024-11-22 00:00:00,,511.313048
2024-11-22 01:00:00,,511.31505599999997
2024-11-22 02:00:00,,511.31006399999995
2024-11-22 03:00:00,,511.315072
2024-11-22 04:00:00,,511.31307999999996
2024-11-22 05:00:00,,511.306088
2024-11-22 06:00:00,,511.313096
2024-11-22 07:00:00,,511.307104
2024-11-22 08:00:00,,511.30911199999997
2024-11-22 09:00:00,,511.30812
2024-11-22 10:00:00,,511.31012799999996
2024-11-22 11:00:00,,511.30913599999997
2024-11-22 12:00:00,,511.31114399999996
2024-11-22 13:00:00,,511.314152
2024-11-22 14:00:00,,511.31215999999995
2024-11-22 15:00:00,,511.31516799999997
2024-11-22 16:00:00,,511.31217599999997
2024-11-22 17:00:00,,511.315184
2024-11-22 18:00:00,,511.314192
2024-11-22 19:00:00,,511.31419999999997
2024-11-22 20:00:00,,511.31220799999994
2024-11-22 21:00:00,,511.305216
2024-11-22 22:00:00,,511.30522399999995
2024-11-22 23:00:00,,511.30723199999994
2024-11-23 00:00:00,,511.30823999999996
2024-11-23 01:00:00,,511.306248
2024-11-23 02:00:00,,511.315256
2024-11-23 03:00:00,,511.314264
2024-11-23 04:00:00,,511.31427199999996
2024-11-23 05:00:00,,511.31427999999994
2024-11-23 06:00:00,,511.31528799999995
2024-11-23 07:00:00,,511.315296
2024-11-23 08:00:00,,511.30830399999996
2024-11-23 09:00:00,,511.30831199999994
2024-11-23 10:00:00,,511.30332
2024-11-23 11:00:00,,511.307328
2024-11-23 12:00:00,,511.313336
2024-11-23 13:00:00,,511.31234399999994
2024-11-23 14:00:00,,511.30535199999997
2024-11-23 15:00:00,,511.30136
2024-11-23 16:00:00,,511.317368
2024-11-23 17:00:00,,511.31537599999996
2024-11-23 18:00:00,,511.29238399999997
2024-11-23 19:00:00,,511.28939199999996
2024-11-23 20:00:00,,511.2824
2024-11-23 21:00:00,,511.296408
2024-11-23 22:00:00,,511.30141599999996
2024-11-23 23:00:00,,511.299424
2024-11-24 00:00:00,,511.29743199999996
2024-11-24 01:00:00,,511.30544
2024-11-24 02:00:00,,511.30744799999997
2024-11-24 03:00:00,,511.31245599999994
2024-11-24 04:00:00,,511.31846399999995
2024-11-24 05:00:00,,511.313472
2024-11-24 06:00:00,,511.30247999999995
2024-11-24 07:00:00,,511.302488
2024-11-24 08:00:00,,511.303496
2024-11-24 09:00:00,,511.30150399999997
2024-11-24 10:00:00,,511.30351199999996
2024-11-24 11:00:00,,511.30251999999996
2024-11-24 12:00:00,,511.310528
2024-11-24 13:00:00,,511.311536
2024-11-24 14:00:00,,511.31254399999995
2024-11-24 15:00:00,,511.31555199999997
2024-11-24 16:00:00,,511.31156
2024-11-24 17:00:00,,511.31256799999994
2024-11-24 18:00:00,,511.312576
2024-11-24 19:00:00,,511.309584
2024-11-24 20:00:00,,511.31659199999996
2024-11-24 21:00:00,,511.30859999999996
2024-11-24 22:00:00,,511.308608
2024-11-24 23:00:00,,511.303616
2024-11-25 00:00:00,,511.30662399999994
2024-11-25 01:00:00,,511.30763199999996
2024-11-25 02:00:00,,511.31764
2024-11-25 03:00:00,,511.30864799999995
2024-11-25 04:00:00,,511.31265599999995
2024-11-25 05:00:00,,511.30966399999994
2024-11-25 06:00:00,,511.304672
2024-11-25 07:00:00,,511.30767999999995
2024-11-25 08:00:00,,511.30668799999995
2024-11-25 09:00:00,,511.30869599999994
2024-11-25 10:00:00,,511.30270399999995
2024-11-25 11:00:00,,511.30571199999997
2024-11-25 12:00:00,,511.31172
2024-11-25 13:00:00,,511.317728
2024-11-25 14:00:00,,511.32073599999995
2024-11-25 15:00:00,,511.31674399999997
2024-11-25 16:00:00,,511.32075199999997
2024-11-25 17:00:00,,511.32575999999995
2024-11-25 18:00:00,,511.315768
2024-11-25 19:00:00,,511.310776
2024-11-25 20:00:00,,511.31578399999995
2024-11-25 21:00:00,,511.31479199999995
2024-11-25 22:00:00,,511.31179999999995
2024-11-25 23:00:00,,511.311808
2024-11-26 00:00:00,,511.31281599999994
2024-11-26 01:00:00,,511.31182399999994
2024-11-26 02:00:00,,511.316832
2024-11-26 03:00:00,,511.31483999999995
2024-11-26 04:00:00,,511.314848
2024-11-26 05:00:00,,511.31585599999994
2024-11-26 06:00:00,,511.317864
2024-11-26 07:00:00,,511.30887199999995
2024-11-26 08:00:00,,511.30487999999997
2024-11-26 09:00:00,,511.30188799999996
2024-11-26 10:00:00,,511.306896
2024-11-26 11:00:00,,511.30590399999994
2024-11-26 12:00:00,,511.30991199999994
2024-11-26 13:00:00,,511.31392
2024-11-26 14:00:00,,511.29292799999996
2024-11-26 15:00:00,,511.31893599999995
2024-11-26 16:00:00,,511.308944
2024-11-26 17:00:00,,511.322952
2024-11-26 18:00:00,,511.31996
2024-11-26 19:00:00,,511.316968
2024-11-26 20:00:00,,511.31197599999996
2024-11-26 21:00:00,,511.309984
2024-11-26 22:00:00,,511.31099199999994
2024-11-26 23:00:00,,511.306
2024-11-27 00:00:00,,511.308008
2024-11-27 01:00:00,,511.309016
2024-11-27 02:00:00,,511.313024
2024-11-27 03:00:00,,511.315032
2024-11-27 04:00:00,,511.32304
2024-11-27 05:00:00,,511.315048
2024-11-27 06:00:00,,511.310056
2024-11-27 07:00:00,,511.304064
2024-11-27 08:00:00,,511.30007199999994
2024-11-27 09:00:00,,511.30407999999994
2024-11-27 10:00:00,,511.30008799999996
2024-11-27 11:00:00,,511.30209599999995
2024-11-27 12:00:00,,511.30110399999995
2024-11-27 13:00:00,,511.30211199999997
2024-11-27 14:00:00,,511.31111999999996
2024-11-27 15:00:00,,511.321128
2024-11-27 16:00:00,,511.33913599999994
2024-11-27 17:00:00,,511.324144
2024-11-27 18:00:00,,511.323152
2024-11-27 19:00:00,,511.32016
2024-11-27 20:00:00,,511.31316799999996
2024-11-27 21:00:00,,511.309176
2024-11-27 22:00:00,,511.306184
2024-11-27 23:00:00,,511.30419199999994
2024-11-28 00:00:00,,511.30719999999997
2024-11-28 01:00:00,,511.310208
2024-11-28 02:00:00,,511.314216
2024-11-28 03:00:00,,511.31522399999994
2024-11-28 04:00:00,,511.31423199999995
2024-11-28 05:00:00,,511.30724
2024-11-28 06:00:00,,511.30224799999996
2024-11-28 07:00:00,,511.303256
2024-11-28 08:00:00,,511.30126399999995
2024-11-28 09:00:00,,511.294272
2024-11-28 10:00:00,,511.30127999999996
2024-11-28 11:00:00,,511.30328799999995
2024-11-28 12:00:00,,511.308296
2024-11-28 13:00:00,,511.305304
2024-11-28 14:00:00,,511.30831199999994
2024-11-28 15:00:00,,511.31431999999995
2024-11-28 16:00:00,,511.31632799999994
2024-11-28 17:00:00,,511.32033599999994
2024-11-28 18:00:00,,511.315344
2024-11-28 19:00:00,,511.31135199999994
2024-11-28 20:00:00,,511.31035999999995
2024-11-28 21:00:00,,511.310368
2024-11-28 22:00:00,,511.30037599999997
2024-11-28 23:00:00,,511.294384
2024-11-29 00:00:00,,511.298392
2024-11-29 01:00:00,,511.30039999999997
2024-11-29 02:00:00,,511.31040799999994
2024-11-29 03:00:00,,511.30841599999997
2024-11-29 04:00:00,,511.30842399999995
2024-11-29 05:00:00,,511.310432
2024-11-29 06:00:00,,511.31244
2024-11-29 07:00:00,,511.301448
2024-11-29 08:00:00,,511.30445599999996
2024-11-29 09:00:00,,511.30146399999995
2024-11-29 10:00:00,,511.30047199999996
2024-11-29 11:00:00,,511.30247999999995
2024-11-29 12:00:00,,511.304488
2024-11-29 13:00:00,,511.30949599999997
2024-11-29 14:00:00,,511.31150399999996
2024-11-29 15:00:00,,511.321512
2024-11-29 16:00:00,,511.32151999999996
2024-11-29 17:00:00,,511.32052799999997
2024-11-29 18:00:00,,511.32253599999996
2024-11-29 19:00:00,,511.31754399999994
2024-11-29 20:00:00,,511.317552
2024-11-29 21:00:00,,511.31355999999994
2024-11-29 22:00:00,,511.308568
2024-11-29 23:00:00,,511.302576
2024-11-30 00:00:00,,511.311584
2024-11-30 01:00:00,,511.310592
2024-11-30 02:00:00,,511.3096
2024-11-30 03:00:00,,511.31460799999996
2024-11-30 04:00:00,,511.315616
2024-11-30 05:00:00,,511.31362399999995
2024-11-30 06:00:00,,511.31463199999996
2024-11-30 07:00:00,,511.30564
2024-11-30 08:00:00,,511.309648
2024-11-30 09:00:00,,511.303656
2024-11-30 10:00:00,,511.307664
2024-11-30 11:00:00,,511.30767199999997
2024-11-30 12:00:00,,511.31068
2024-11-30 13:00:00,,511.312688
2024-11-30 14:00:00,,511.318696
2024-11-30 15:00:00,,511.322704
2024-11-30 16:00:00,,511.32071199999996
2024-11-30 17:00:00,,511.32671999999997
2024-11-30 18:00:00,,511.32572799999997
2024-11-30 19:00:00,,511.32373599999994
2024-11-30 20:00:00,,511.31674399999997
2024-11-30 21:00:00,,511.31675199999995
2024-11-30 22:00:00,,511.32275999999996
2024-11-30 23:00:00,,511.313768
2024-12-01 00:00:00,,511.312776
2024-12-01 01:00:00,,511.31778399999996
2024-12-01 02:00:00,,511.31779199999994
2024-12-01 03:00:00,,511.3228
2024-12-01 04:00:00,,511.32080799999994
2024-12-01 05:00:00,,511.317816
2024-12-01 06:00:00,,511.32082399999996
2024-12-01 07:00:00,,511.31483199999997
2024-12-01 08:00:00,,511.31383999999997
2024-12-01 09:00:00,,511.309848
2024-12-01 10:00:00,,511.311856
2024-12-01 11:00:00,,511.31186399999996
2024-12-01 12:00:00,,511.311872
2024-12-01 13:00:00,,511.31888
2024-12-01 14:00:00,,511.31888799999996
2024-12-01 15:00:00,,511.323896
2024-12-01 16:00:00,,511.32490399999995
2024-12-01 17:00:00,,511.331912
2024-12-01 18:00:00,,511.32791999999995
2024-12-01 19:00:00,,511.327928
2024-12-01 20:00:00,,511.32393599999995
2024-12-01 21:00:00,,511.321944
2024-12-01 22:00:00,,511.322952
2024-12-01 23:00:00,,511.29296
2024-12-02 00:00:00,,511.32696799999997
2024-12-02 01:00:00,,511.33097599999996
2024-12-02 02:00:00,,511.328984
2024-12-02 03:00:00,,511.31299199999995
2024-12-02 04:00:00,,511.33
2024-12-02 05:00:00,,511.32300799999996
2024-12-02 06:00:00,,511.324016
2024-12-02 07:00:00,,511.320024
2024-12-02 08:00:00,,511.317032
2024-12-02 09:00:00,,511.31703999999996
2024-12-02 10:00:00,,511.322048
2024-12-02 11:00:00,,511.30105599999996
2024-12-02 12:00:00,,511.33906399999995
2024-12-02 13:00:00,,511.32107199999996
2024-12-02 14:00:00,,511.32707999999997
2024-12-02 15:00:00,,511.33208799999994
2024-12-02 16:00:00,,511.32609599999995
2024-12-02 17:00:00,,511.333104
2024-12-02 18:00:00,,511.33311199999997
2024-12-02 19:00:00,,511.32412
2024-12-02 20:00:00,,511.33212799999995
2024-12-02 21:00:00,,511.30513599999995
2024-12-02 22:00:00,,511.32814399999995
2024-12-02 23:00:00,,511.32215199999996
2024-12-03 00:00:00,,511.33615999999995
2024-12-03 01:00:00,,511.32016799999997
2024-12-03 02:00:00,,511.318176
2024-12-03 03:00:00,,511.322184
2024-12-03 04:00:00,,511.33219199999996
2024-12-03 05:00:00,,511.3302
2024-12-03 06:00:00,,511.32820799999996
2024-12-03 07:00:00,,511.32521599999995
2024-12-03 08:00:00,,511.32222399999995
2024-12-03 09:00:00,,511.324232
2024-12-03 10:00:00,,511.32424
2024-12-03 11:00:00,,511.32224799999995
2024-12-03 12:00:00,,511.32325599999996
2024-12-03 13:00:00,,511.32726399999996
2024-12-03 14:00:00,,511.327272
2024-12-03 15:00:00,,511.33428
2024-12-03 16:00:00,,511.33628799999997
2024-12-03 17:00:00,,511.33529599999997
2024-12-03 18:00:00,,511.338304
2024-12-03 19:00:00,,511.33131199999997
2024-12-03 20:00:00,,511.33232
2024-12-03 21:00:00,,511.33032799999995
2024-12-03 22:00:00,,511.333336
2024-12-03 23:00:00,,511.33334399999995
2024-12-04 00:00:00,,511.329352
2024-12-04 01:00:00,,511.31836
2024-12-04 02:00:00,,511.33336799999995
2024-12-04 03:00:00,,511.32537599999995
2024-12-04 04:00:00,,511.320384
2024-12-04 05:00:00,,511.324392
2024-12-04 06:00:00,,511.31739999999996
2024-12-04 07:00:00,,511.313408
2024-12-04 08:00:00,,511.31541599999997
2024-12-04 09:00:00,,511.314424
2024-12-04 10:00:00,,511.313432
2024-12-04 11:00:00,,511.31444
2024-12-04 12:00:00,,511.32044799999994
2024-12-04 13:00:00,,511.32145599999996
2024-12-04 14:00:00,,511.321464
2024-12-04 15:00:00,,511.32247199999995
2024-12-04 16:00:00,,511.31847999999997
2024-12-04 17:00:00,,511.32248799999996
2024-12-04 18:00:00,,511.32449599999995
2024-12-04 19:00:00,,511.32050399999997
2024-12-04 20:00:00,,511.32251199999996
2024-12-04 21:00:00,,511.31651999999997
2024-12-04 22:00:00,,511.32352799999995
2024-12-04 23:00:00,,511.318536
2024-12-05 00:00:00,,511.30954399999996
2024-12-05 01:00:00,,511.32155199999994
2024-12-05 02:00:00,,511.32156
2024-12-05 03:00:00,,511.31656799999996
2024-12-05 04:00:00,,511.32257599999997
2024-12-05 05:00:00,,511.318584
2024-12-05 06:00:00,,511.31659199999996
2024-12-05 07:00:00,,511.31059999999997
2024-12-05 08:00:00,,511.315608
2024-12-05 09:00:00,,511.310616
2024-12-05 10:00:00,,511.31062399999996
2024-12-05 11:00:00,,511.315632
2024-12-05 12:00:00,,511.31663999999995
2024-12-05 13:00:00,,511.311648
2024-12-05 14:00:00,,511.31265599999995
2024-12-05 15:00:00,,511.312664
2024-12-05 16:00:00,,511.31567199999995
2024-12-05 17:00:00,,511.30467999999996
2024-12-05 18:00:00,,511.319688
2024-12-05 19:00:00,,511.31269599999996
2024-12-05 20:00:00,,511.320704
2024-12-05 21:00:00,,511.31071199999997
2024-12-05 22:00:00,,511.31071999999995
2024-12-05 23:00:00,,511.31372799999997
2024-12-06 00:00:00,,511.30873599999995
2024-12-06 01:00:00,,511.313744
2024-12-06 02:00:00,,511.31175199999996
2024-12-06 03:00:00,,511.31875999999994
2024-12-06 04:00:00,,511.318768
2024-12-06 05:00:00,,511.31577599999997
2024-12-06 06:00:00,,511.31078399999996
2024-12-06 07:00:00,,511.310792
2024-12-06 08:00:00,,511.3108
2024-12-06 09:00:00,,511.30880799999994
2024-12-06 10:00:00,,511.305816
2024-12-06 11:00:00,,511.31082399999997
2024-12-06 12:00:00,,511.31083199999995
2024-12-06 13:00:00,,511.31383999999997
2024-12-06 14:00:00,,511.312848
2024-12-06 15:00:00,,511.31285599999995
2024-12-06 16:00:00,,511.317864
2024-12-06 17:00:00,,511.319872
2024-12-06 18:00:00,,511.32088
2024-12-06 19:00:00,,511.319888
2024-12-06 20:00:00,,511.316896
2024-12-06 21:00:00,,511.313904
2024-12-06 22:00:00,,511.310912
2024-12-06 23:00:00,,511.31291999999996
2024-12-07 00:00:00,,511.31292799999994
2024-12-07 01:00:00,,511.312936
2024-12-07 02:00:00,,511.313944
2024-12-07 03:00:00,,511.312952
2024-12-07 04:00:00,,511.31095999999997
2024-12-07 05:00:00,,511.31096799999995
2024-12-07 06:00:00,,511.31397599999997
2024-12-07 07:00:00,,511.31098399999996
2024-12-07 08:00:00,,511.308992
2024-12-07 09:00:00,,511.308
2024-12-07 10:00:00,,511.30900799999995
2024-12-07 11:00:00,,511.31201599999997
2024-12-07 12:00:00,,511.311024
2024-12-07 13:00:00,,511.31103199999995
2024-12-07 14:00:00,,511.31303999999994
2024-12-07 15:00:00,,511.315048
2024-12-07 16:00:00,,511.31305599999996
2024-12-07 17:00:00,,511.32006399999995
2024-12-07 18:00:00,,511.318072
2024-12-07 19:00:00,,511.31208
2024-12-07 20:00:00,,511.30708799999996
2024-12-07 21:00:00,,511.30609599999997
2024-12-07 22:00:00,,511.31010399999997
2024-12-07 23:00:00,,511.31011199999995
2024-12-08 00:00:00,,511.31411999999995
2024-12-08 01:00:00,,511.31012799999996
2024-12-08 02:00:00,,511.31713599999995
2024-12-08 03:00:00,,511.31114399999996
2024-12-08 04:00:00,,511.31515199999996
2024-12-08 05:00:00,,511.31116
2024-12-08 06:00:00,,511.31316799999996
2024-12-08 07:00:00,,511.30317599999995
2024-12-08 08:00:00,,511.310184
2024-12-08 09:00:00,,511.30319199999997
2024-12-08 10:00:00,,511.30719999999997
2024-12-08 11:00:00,,511.310208
2024-12-08 12:00:00,,511.31621599999994
2024-12-08 13:00:00,,511.318224
2024-12-08 14:00:00,,511.317232
2024-12-08 15:00:00,,511.32124
2024-12-08 16:00:00,,511.32724799999994
2024-12-08 17:00:00,,511.32525599999997
2024-12-08 18:00:00,,511.32526399999995
2024-12-08 19:00:00,,511.32227199999994
2024-12-08 20:00:00,,511.31827999999996
2024-12-08 21:00:00,,511.31728799999996
2024-12-08 22:00:00,,511.31229599999995
2024-12-08 23:00:00,,511.31630399999995
2024-12-09 00:00:00,,511.314312
2024-12-09 01:00:00,,511.32232
2024-12-09 02:00:00,,511.32032799999996
2024-12-09 03:00:00,,511.320336
2024-12-09 04:00:00,,511.322344
2024-12-09 05:00:00,,511.319352
2024-12-09 06:00:00,,511.31535999999994
2024-12-09 07:00:00,,511.308368
2024-12-09 08:00:00,,511.309376
2024-12-09 09:00:00,,511.30738399999996
2024-12-09 10:00:00,,511.312392
2024-12-09 11:00:00,,511.3144
2024-12-09 12:00:00,,511.318408
2024-12-09 13:00:00,,511.302416
2024-12-09 14:00:00,,511.31042399999995
2024-12-09 15:00:00,,511.322432
2024-12-09 16:00:00,,511.32444
2024-12-09 17:00:00,,511.31944799999997
2024-12-09 18:00:00,,511.315456
2024-12-09 19:00:00,,511.31346399999995
2024-12-09 20:00:00,,511.31447199999997
2024-12-09 21:00:00,,511.31447999999995
2024-12-09 22:00:00,,511.312488
2024-12-09 23:00:00,,511.313496
2024-12-10 00:00:00,,511.319504
2024-12-10 01:00:00,,511.31851199999994
2024-12-10 02:00:00,,511.32151999999996
2024-12-10 03:00:00,,511.32152799999994
2024-12-10 04:00:00,,511.318536
2024-12-10 05:00:00,,511.31654399999996
2024-12-10 06:00:00,,511.31155199999995
2024-12-10 07:00:00,,511.31356
2024-12-10 08:00:00,,511.310568
2024-12-10 09:00:00,,511.31157599999995
2024-12-10 10:00:00,,511.30758399999996
2024-12-10 11:00:00,,511.31159199999996
2024-12-10 12:00:00,,511.31359999999995
2024-12-10 13:00:00,,511.31760799999995
2024-12-10 14:00:00,,511.322616
2024-12-10 15:00:00,,511.32562399999995
2024-12-10 16:00:00,,511.32163199999997
2024-12-10 17:00:00,,511.32264
2024-12-10 18:00:00,,511.32464799999997
2024-12-10 19:00:00,,511.313656
2024-12-10 20:00:00,,511.30866399999996
2024-12-10 21:00:00,,511.31767199999996
2024-12-10 22:00:00,,511.32068
2024-12-10 23:00:00,,511.31868799999995
2024-12-11 00:00:00,,511.32269599999995
2024-12-11 01:00:00,,511.31670399999996
2024-12-11 02:00:00,,511.32071199999996
2024-12-11 03:00:00,,511.32372
2024-12-11 04:00:00,,511.31872799999996
2024-12-11 05:00:00,,511.319736
2024-12-11 06:00:00,,511.31474399999996
2024-12-11 07:00:00,,511.312752
2024-12-11 08:00:00,,511.31375999999995
2024-12-11 09:00:00,,511.308768
2024-12-11 10:00:00,,511.31177599999995
2024-12-11 11:00:00,,511.30878399999995
2024-12-11 12:00:00,,511.310792
2024-12-11 13:00:00,,511.3178
2024-12-11 14:00:00,,511.316808
2024-12-11 15:00:00,,511.32381599999997
2024-12-11 16:00:00,,511.32582399999995
2024-12-11 17:00:00,,511.32283199999995
2024-12-11 18:00:00,,511.32284
2024-12-11 19:00:00,,511.31884799999995
2024-12-11 20:00:00,,511.32185599999997
2024-12-11 21:00:00,,511.32186399999995
2024-12-11 22:00:00,,511.31787199999997
2024-12-11 23:00:00,,511.31888
2024-12-12 00:00:00,,511.322888
2024-12-12 01:00:00,,511.321896
2024-12-12 02:00:00,,511.32390399999997
2024-12-12 03:00:00,,511.324912
2024-12-12 04:00:00,,511.32991999999996
2024-12-12 05:00:00,,511.325928
2024-12-12 06:00:00,,511.32093599999996
2024-12-12 07:00:00,,511.316944
2024-12-12 08:00:00,,511.317952
2024-12-12 09:00:00,,511.31395999999995
2024-12-12 10:00:00,,511.31496799999996
2024-12-12 11:00:00,,511.30997599999995
2024-12-12 12:00:00,,511.31798399999997
2024-12-12 13:00:00,,511.31299199999995
2024-12-12 14:00:00,,511.32399999999996
2024-12-12 14:30:00,,511.32
