#Data Set Export - Depth Below Ground.Publish@RN012594,,
Latest telemetry data is sourced directly from logging devices and is unverified. No guarantee is made as to the accuracy or reliability of the data until it is approved. Use with caution.,,
Timestamp (UTC+09:30),Event Timestamp (UTC+09:30),Value (m)
2024-08-27 11:48:00,,-8.03
2024-08-27 12:48:00,,-8.030042735042734
2024-08-27 13:48:00,,-8.030085470085469
2024-08-27 14:48:00,,-8.030128205128204
2024-08-27 15:48:00,,-8.03017094017094
2024-08-27 16:48:00,,-8.030213675213675
2024-08-27 17:48:00,,-8.03025641025641
2024-08-27 18:48:00,,-8.030299145299145
2024-08-27 19:48:00,,-8.03034188034188
2024-08-27 20:48:00,,-8.030384615384614
2024-08-27 21:48:00,,-8.03042735042735
2024-08-27 22:48:00,,-8.030470085470085
2024-08-27 23:48:00,,-8.03051282051282
2024-08-28 00:48:00,,-8.030555555555555
2024-08-28 01:48:00,,-8.03059829059829
2024-08-28 02:48:00,,-8.030641025641025
2024-08-28 03:48:00,,-8.030683760683761
2024-08-28 04:48:00,,-8.030726495726496
2024-08-28 05:48:00,,-8.03076923076923
2024-08-28 06:48:00,,-8.030811965811965
2024-08-28 07:48:00,,-8.0308547008547
2024-08-28 08:48:00,,-8.030897435897435
2024-08-28 09:48:00,,-8.030940170940172
2024-08-28 10:48:00,,-8.030982905982906
2024-08-28 11:48:00,,-8.031025641025641
2024-08-28 12:48:00,,-8.031068376068376
2024-08-28 13:48:00,,-8.03111111111111
2024-08-28 14:48:00,,-8.031153846153845
2024-08-28 15:48:00,,-8.031196581196582
2024-08-28 16:48:00,,-8.031239316239317
2024-08-28 17:48:00,,-8.031282051282052
2024-08-28 18:48:00,,-8.031324786324786
2024-08-28 19:48:00,,-8.031367521367521
2024-08-28 20:48:00,,-8.031410256410256
2024-08-28 21:48:00,,-8.031452991452992
2024-08-28 22:48:00,,-8.031495726495727
2024-08-28 23:48:00,,-8.031538461538462
2024-08-29 00:48:00,,-8.031581196581197
2024-08-29 01:48:00,,-8.031623931623932
2024-08-29 02:48:00,,-8.031666666666666
2024-08-29 03:48:00,,-8.031709401709403
2024-08-29 04:48:00,,-8.031752136752138
2024-08-29 05:48:00,,-8.031794871794872
2024-08-29 06:48:00,,-8.031837606837607
2024-08-29 07:48:00,,-8.031880341880342
2024-08-29 08:48:00,,-8.031923076923077
2024-08-29 09:48:00,,-8.031965811965813
2024-08-29 10:48:00,,-8.032008547008548
2024-08-29 11:48:00,,-8.032051282051283
2024-08-29 12:48:00,,-8.032094017094018
2024-08-29 13:48:00,,-8.032136752136752
2024-08-29 14:48:00,,-8.032179487179487
2024-08-29 15:48:00,,-8.032222222222224
2024-08-29 16:48:00,,-8.032264957264958
2024-08-29 17:48:00,,-8.032307692307693
2024-08-29 18:48:00,,-8.032350427350428
2024-08-29 19:48:00,,-8.032393162393163
2024-08-29 20:48:00,,-8.032435897435898
2024-08-29 21:48:00,,-8.032478632478634
2024-08-29 22:48:00,,-8.032521367521369
2024-08-29 23:48:00,,-8.032564102564104
2024-08-30 00:48:00,,-8.032606837606838
2024-08-30 01:48:00,,-8.032649572649573
2024-08-30 02:48:00,,-8.032692307692308
2024-08-30 03:48:00,,-8.032735042735045
2024-08-30 04:48:00,,-8.03277777777778
2024-08-30 05:48:00,,-8.032820512820514
2024-08-30 06:48:00,,-8.032863247863249
2024-08-30 07:48:00,,-8.032905982905984
2024-08-30 08:48:00,,-8.032948717948718
2024-08-30 09:48:00,,-8.032991452991455
2024-08-30 10:00:00,,-8.033000000000001
2024-08-30 11:00:00,,-8.037992
2024-08-30 12:00:00,,-8.033984
2024-08-30 13:00:00,,-8.025976
2024-08-30 14:00:00,,-8.027968
2024-08-30 15:00:00,,-8.02596
2024-08-30 16:00:00,,-8.026952000000001
2024-08-30 17:00:00,,-8.025943999999999
2024-08-30 18:00:00,,-8.025936
2024-08-30 19:00:00,,-8.029928
2024-08-30 20:00:00,,-8.03392
2024-08-30 21:00:00,,-8.035912
2024-08-30 22:00:00,,-8.039904
2024-08-30 23:00:00,,-8.038896
2024-08-31 00:00:00,,-8.037888
2024-08-31 01:00:00,,-8.035879999999999
2024-08-31 02:00:00,,-8.033872
2024-08-31 03:00:00,,-8.028863999999999
2024-08-31 04:00:00,,-8.026856
2024-08-31 05:00:00,,-8.027848
2024-08-31 06:00:00,,-8.025839999999999
2024-08-31 07:00:00,,-8.031832
2024-08-31 08:00:00,,-8.034824
2024-08-31 09:00:00,,-8.038815999999999
2024-08-31 10:00:00,,-8.039808
2024-08-31 11:00:00,,-8.044799999999999
2024-08-31 12:00:00,,-8.036792
2024-08-31 13:00:00,,-8.035784
2024-08-31 14:00:00,,-8.032776
2024-08-31 15:00:00,,-8.024768
2024-08-31 16:00:00,,-8.023760000000001
2024-08-31 17:00:00,,-8.026752
2024-08-31 18:00:00,,-8.026744
2024-08-31 19:00:00,,-8.033736000000001
2024-08-31 20:00:00,,-8.036728
2024-08-31 21:00:00,,-8.03672
2024-08-31 22:00:00,,-8.039712
2024-08-31 23:00:00,,-8.042704
2024-09-01 00:00:00,,-8.044696
2024-09-01 01:00:00,,-8.039688
2024-09-01 02:00:00,,-8.03868
2024-09-01 03:00:00,,-8.038672
2024-09-01 04:00:00,,-8.035663999999999
2024-09-01 05:00:00,,-8.035656
2024-09-01 06:00:00,,-8.037647999999999
2024-09-01 07:00:00,,-8.04264
2024-09-01 08:00:00,,-8.047632
2024-09-01 09:00:00,,-8.045624
2024-09-01 10:00:00,,-8.045616
2024-09-01 11:00:00,,-8.047608
2024-09-01 12:00:00,,-8.0456
2024-09-01 13:00:00,,-8.041592
2024-09-01 14:00:00,,-8.036584
2024-09-01 15:00:00,,-8.035575999999999
2024-09-01 16:00:00,,-8.036568
2024-09-01 17:00:00,,-8.03656
2024-09-01 18:00:00,,-8.038552
2024-09-01 19:00:00,,-8.039544000000001
2024-09-01 20:00:00,,-8.042536
2024-09-01 21:00:00,,-8.044528
2024-09-01 22:00:00,,-8.046520000000001
2024-09-01 23:00:00,,-8.049512
2024-09-02 00:00:00,,-8.053504
2024-09-02 01:00:00,,-8.045496
2024-09-02 02:00:00,,-8.038488
2024-09-02 03:00:00,,-8.04448
2024-09-02 04:00:00,,-8.049472
2024-09-02 05:00:00,,-8.048464000000001
2024-09-02 06:00:00,,-8.048456000000002
2024-09-02 07:00:00,,-8.046448
2024-09-02 08:00:00,,-8.05444
2024-09-02 09:00:00,,-8.058432
2024-09-02 10:00:00,,-8.061424
2024-09-02 11:00:00,,-8.059416
2024-09-02 12:00:00,,-8.055408
2024-09-02 13:00:00,,-8.0524
2024-09-02 14:00:00,,-8.046392
2024-09-02 15:00:00,,-8.042384
2024-09-02 16:00:00,,-8.039376
2024-09-02 17:00:00,,-8.041367999999999
2024-09-02 18:00:00,,-8.04336
2024-09-02 19:00:00,,-8.049352
2024-09-02 20:00:00,,-8.052344
2024-09-02 21:00:00,,-8.060336
2024-09-02 22:00:00,,-8.060328
2024-09-02 23:00:00,,-8.06132
2024-09-03 00:00:00,,-8.058312
2024-09-03 01:00:00,,-8.062304000000001
2024-09-03 02:00:00,,-8.061296
2024-09-03 03:00:00,,-8.055288000000001
2024-09-03 04:00:00,,-8.050279999999999
2024-09-03 05:00:00,,-8.056272
2024-09-03 06:00:00,,-8.056264
2024-09-03 07:00:00,,-8.056256
2024-09-03 08:00:00,,-8.058248
2024-09-03 09:00:00,,-8.05924
2024-09-03 10:00:00,,-8.060232
2024-09-03 11:00:00,,-8.056224
2024-09-03 12:00:00,,-8.055216
2024-09-03 13:00:00,,-8.056208
2024-09-03 14:00:00,,-8.0532
2024-09-03 15:00:00,,-8.045192
2024-09-03 16:00:00,,-8.042184
2024-09-03 17:00:00,,-8.040176
2024-09-03 18:00:00,,-8.042168
2024-09-03 19:00:00,,-8.04716
2024-09-03 20:00:00,,-8.045152
2024-09-03 21:00:00,,-8.049144
2024-09-03 22:00:00,,-8.051136
2024-09-03 23:00:00,,-8.055128
2024-09-04 00:00:00,,-8.05312
2024-09-04 01:00:00,,-8.053112
2024-09-04 02:00:00,,-8.054103999999999
2024-09-04 03:00:00,,-8.050096
2024-09-04 04:00:00,,-8.048088000000002
2024-09-04 05:00:00,,-8.04608
2024-09-04 06:00:00,,-8.042072000000001
2024-09-04 07:00:00,,-8.045064
2024-09-04 08:00:00,,-8.046056
2024-09-04 09:00:00,,-8.051048
2024-09-04 10:00:00,,-8.05304
2024-09-04 11:00:00,,-8.051032
2024-09-04 12:00:00,,-8.045024000000002
2024-09-04 13:00:00,,-8.042016
2024-09-04 14:00:00,,-8.043008
2024-09-04 15:00:00,,-8.034999999999998
2024-09-04 16:00:00,,-8.036992
2024-09-04 17:00:00,,-8.031984000000001
2024-09-04 18:00:00,,-8.034975999999999
2024-09-04 19:00:00,,-8.036968
2024-09-04 20:00:00,,-8.03996
2024-09-04 21:00:00,,-8.041952
2024-09-04 22:00:00,,-8.043944
2024-09-04 23:00:00,,-8.045936
2024-09-05 00:00:00,,-8.046928
2024-09-05 01:00:00,,-8.044920000000001
2024-09-05 02:00:00,,-8.039912
2024-09-05 03:00:00,,-8.033904
2024-09-05 04:00:00,,-8.040896
2024-09-05 05:00:00,,-8.038888
2024-09-05 06:00:00,,-8.03888
2024-09-05 07:00:00,,-8.042872000000001
2024-09-05 08:00:00,,-8.047864
2024-09-05 09:00:00,,-8.048856
2024-09-05 10:00:00,,-8.047848
2024-09-05 11:00:00,,-8.04584
2024-09-05 12:00:00,,-8.043832
2024-09-05 13:00:00,,-8.041824
2024-09-05 14:00:00,,-8.040816
2024-09-05 15:00:00,,-8.035808000000001
2024-09-05 16:00:00,,-8.0388
2024-09-05 17:00:00,,-8.035792
2024-09-05 18:00:00,,-8.037783999999998
2024-09-05 19:00:00,,-8.038776
2024-09-05 20:00:00,,-8.043768
2024-09-05 21:00:00,,-8.04476
2024-09-05 22:00:00,,-8.042752
2024-09-05 23:00:00,,-8.044744000000001
2024-09-06 00:00:00,,-8.049736
2024-09-06 01:00:00,,-8.046728
2024-09-06 02:00:00,,-8.04772
2024-09-06 03:00:00,,-8.044712
2024-09-06 04:00:00,,-8.049704
2024-09-06 05:00:00,,-8.044696
2024-09-06 06:00:00,,-8.041688
2024-09-06 07:00:00,,-8.04668
2024-09-06 08:00:00,,-8.050671999999999
2024-09-06 09:00:00,,-8.054664
2024-09-06 10:00:00,,-8.055656
2024-09-06 11:00:00,,-8.058648
2024-09-06 12:00:00,,-8.054640000000001
2024-09-06 13:00:00,,-8.052632
2024-09-06 14:00:00,,-8.045624
2024-09-06 15:00:00,,-8.049616
2024-09-06 16:00:00,,-8.044608
2024-09-06 17:00:00,,-8.0416
2024-09-06 18:00:00,,-8.048592000000001
2024-09-06 19:00:00,,-8.050583999999999
2024-09-06 20:00:00,,-8.053576
2024-09-06 21:00:00,,-8.051568
2024-09-06 22:00:00,,-8.05556
2024-09-06 23:00:00,,-8.051552000000001
2024-09-07 00:00:00,,-8.053543999999999
2024-09-07 01:00:00,,-8.055536
2024-09-07 02:00:00,,-8.052528
2024-09-07 03:00:00,,-8.05452
2024-09-07 04:00:00,,-8.053512
2024-09-07 05:00:00,,-8.053503999999998
2024-09-07 06:00:00,,-8.055496
2024-09-07 07:00:00,,-8.055488
2024-09-07 08:00:00,,-8.059479999999999
2024-09-07 09:00:00,,-8.055472
2024-09-07 10:00:00,,-8.057464000000001
2024-09-07 11:00:00,,-8.063456
2024-09-07 12:00:00,,-8.057448
2024-09-07 13:00:00,,-8.058440000000001
2024-09-07 14:00:00,,-8.054432
2024-09-07 15:00:00,,-8.052424
2024-09-07 16:00:00,,-8.051416
2024-09-07 17:00:00,,-8.050408
2024-09-07 18:00:00,,-8.0494
2024-09-07 19:00:00,,-8.049392
2024-09-07 20:00:00,,-8.055384
2024-09-07 21:00:00,,-8.050376
2024-09-07 22:00:00,,-8.053367999999999
2024-09-07 23:00:00,,-8.05336
2024-09-08 00:00:00,,-8.059351999999999
2024-09-08 01:00:00,,-8.059344
2024-09-08 02:00:00,,-8.054336000000001
2024-09-08 03:00:00,,-8.058328
2024-09-08 04:00:00,,-8.05032
2024-09-08 05:00:00,,-8.052312
2024-09-08 06:00:00,,-8.057304
2024-09-08 07:00:00,,-8.057296000000001
2024-09-08 08:00:00,,-8.060288
2024-09-08 09:00:00,,-8.05828
2024-09-08 10:00:00,,-8.061272
2024-09-08 11:00:00,,-8.063264
2024-09-08 12:00:00,,-8.058256
2024-09-08 13:00:00,,-8.058248
2024-09-08 14:00:00,,-8.05824
2024-09-08 15:00:00,,-8.053232
2024-09-08 16:00:00,,-8.054224000000001
2024-09-08 17:00:00,,-8.055216
2024-09-08 18:00:00,,-8.055208
2024-09-08 19:00:00,,-8.0522
2024-09-08 20:00:00,,-8.054192
2024-09-08 21:00:00,,-8.054184000000001
2024-09-08 22:00:00,,-8.059175999999999
2024-09-08 23:00:00,,-8.059168
2024-09-09 00:00:00,,-8.05816
2024-09-09 01:00:00,,-8.055152
2024-09-09 02:00:00,,-8.053144
2024-09-09 03:00:00,,-8.054136
2024-09-09 04:00:00,,-8.048128
2024-09-09 05:00:00,,-8.051120000000001
2024-09-09 06:00:00,,-8.048112
2024-09-09 07:00:00,,-8.058104
2024-09-09 08:00:00,,-8.059096
2024-09-09 09:00:00,,-8.061088
2024-09-09 10:00:00,,-8.05608
2024-09-09 11:00:00,,-8.057072
2024-09-09 12:00:00,,-8.056064
2024-09-09 13:00:00,,-8.052056
2024-09-09 14:00:00,,-8.051048
2024-09-09 15:00:00,,-8.04904
2024-09-09 16:00:00,,-8.043032
2024-09-09 17:00:00,,-8.041024
2024-09-09 18:00:00,,-8.043016
2024-09-09 19:00:00,,-8.050008
2024-09-09 20:00:00,,-8.048
2024-09-09 21:00:00,,-8.049992
2024-09-09 22:00:00,,-8.050984
2024-09-09 23:00:00,,-8.056976
2024-09-10 00:00:00,,-8.049968
2024-09-10 01:00:00,,-8.05096
2024-09-10 02:00:00,,-8.053952
2024-09-10 03:00:00,,-8.049944
2024-09-10 04:00:00,,-8.046936
2024-09-10 05:00:00,,-8.047928
2024-09-10 06:00:00,,-8.049919999999998
2024-09-10 07:00:00,,-8.054912
2024-09-10 08:00:00,,-8.060904
2024-09-10 09:00:00,,-8.052895999999999
2024-09-10 10:00:00,,-8.056888
2024-09-10 11:00:00,,-8.04988
2024-09-10 12:00:00,,-8.051872
2024-09-10 13:00:00,,-8.046864000000001
2024-09-10 14:00:00,,-8.046856
2024-09-10 15:00:00,,-8.044848
2024-09-10 16:00:00,,-8.04484
2024-09-10 17:00:00,,-8.042831999999999
2024-09-10 18:00:00,,-8.046824
2024-09-10 19:00:00,,-8.048816
2024-09-10 20:00:00,,-8.047808
2024-09-10 21:00:00,,-8.0508
2024-09-10 22:00:00,,-8.053792000000001
2024-09-10 23:00:00,,-8.049783999999999
2024-09-11 00:00:00,,-8.053776000000001
2024-09-11 01:00:00,,-8.049767999999998
2024-09-11 02:00:00,,-8.05476
2024-09-11 03:00:00,,-8.054752
2024-09-11 04:00:00,,-8.050744
2024-09-11 05:00:00,,-8.057736
2024-09-11 06:00:00,,-8.054728
2024-09-11 07:00:00,,-8.05672
2024-09-11 08:00:00,,-8.058712
2024-09-11 09:00:00,,-8.063704
2024-09-11 10:00:00,,-8.060696
2024-09-11 11:00:00,,-8.060688
2024-09-11 12:00:00,,-8.06268
2024-09-11 13:00:00,,-8.054672
2024-09-11 14:00:00,,-8.052664
2024-09-11 15:00:00,,-8.050656
2024-09-11 16:00:00,,-8.053648
2024-09-11 17:00:00,,-8.05364
2024-09-11 18:00:00,,-8.053632
2024-09-11 19:00:00,,-8.053624000000001
2024-09-11 20:00:00,,-8.056616
2024-09-11 21:00:00,,-8.061608
2024-09-11 22:00:00,,-8.0576
2024-09-11 23:00:00,,-8.062592
2024-09-12 00:00:00,,-8.061584
2024-09-12 01:00:00,,-8.066576000000001
2024-09-12 02:00:00,,-8.062568
2024-09-12 03:00:00,,-8.06156
2024-09-12 04:00:00,,-8.062552
2024-09-12 05:00:00,,-8.064544
2024-09-12 06:00:00,,-8.065536
2024-09-12 07:00:00,,-8.066528
2024-09-12 08:00:00,,-8.06852
2024-09-12 09:00:00,,-8.067512
2024-09-12 10:00:00,,-8.065503999999999
2024-09-12 11:00:00,,-8.067496
2024-09-12 12:00:00,,-8.065487999999998
2024-09-12 13:00:00,,-8.06248
2024-09-12 14:00:00,,-8.058472
2024-09-12 15:00:00,,-8.055463999999999
2024-09-12 16:00:00,,-8.053456
2024-09-12 17:00:00,,-8.061448
2024-09-12 18:00:00,,-8.06244
2024-09-12 19:00:00,,-8.062432000000001
2024-09-12 20:00:00,,-8.071423999999999
2024-09-12 21:00:00,,-8.070416
2024-09-12 22:00:00,,-8.068408
2024-09-12 23:00:00,,-8.0704
2024-09-13 00:00:00,,-8.066392
2024-09-13 01:00:00,,-8.066384000000001
2024-09-13 02:00:00,,-8.063376
2024-09-13 03:00:00,,-8.066368
2024-09-13 04:00:00,,-8.065359999999998
2024-09-13 05:00:00,,-8.064352
2024-09-13 06:00:00,,-8.066344
2024-09-13 07:00:00,,-8.066336
2024-09-13 08:00:00,,-8.073328
2024-09-13 09:00:00,,-8.07132
2024-09-13 10:00:00,,-8.069312
2024-09-13 11:00:00,,-8.066304
2024-09-13 12:00:00,,-8.069296000000001
2024-09-13 13:00:00,,-8.055288
2024-09-13 14:00:00,,-8.05428
2024-09-13 15:00:00,,-8.050272
2024-09-13 16:00:00,,-8.052264
2024-09-13 17:00:00,,-8.052256
2024-09-13 18:00:00,,-8.054248
2024-09-13 19:00:00,,-8.05824
2024-09-13 20:00:00,,-8.060232000000001
2024-09-13 21:00:00,,-8.059224
2024-09-13 22:00:00,,-8.063216
2024-09-13 23:00:00,,-8.061207999999999
2024-09-14 00:00:00,,-8.0602
2024-09-14 01:00:00,,-8.058192
2024-09-14 02:00:00,,-8.056184
2024-09-14 03:00:00,,-8.055176
2024-09-14 04:00:00,,-8.060168
2024-09-14 05:00:00,,-8.058159999999999
2024-09-14 06:00:00,,-8.059152000000001
2024-09-14 07:00:00,,-8.066144
2024-09-14 08:00:00,,-8.063136
2024-09-14 09:00:00,,-8.066128
2024-09-14 10:00:00,,-8.065119999999999
2024-09-14 11:00:00,,-8.056112
2024-09-14 12:00:00,,-8.058104
2024-09-14 13:00:00,,-8.050096
2024-09-14 14:00:00,,-8.049088
2024-09-14 15:00:00,,-8.047080000000001
2024-09-14 16:00:00,,-8.045072
2024-09-14 17:00:00,,-8.047064
2024-09-14 18:00:00,,-8.046056
2024-09-14 19:00:00,,-8.051048
2024-09-14 20:00:00,,-8.05504
2024-09-14 21:00:00,,-8.058031999999999
2024-09-14 22:00:00,,-8.058024
2024-09-14 23:00:00,,-8.058016
2024-09-15 00:00:00,,-8.059008
2024-09-15 01:00:00,,-8.056000000000001
2024-09-15 02:00:00,,-8.056992
2024-09-15 03:00:00,,-8.057984
2024-09-15 04:00:00,,-8.055976000000001
2024-09-15 05:00:00,,-8.054967999999999
2024-09-15 06:00:00,,-8.05696
2024-09-15 07:00:00,,-8.055952000000001
2024-09-15 08:00:00,,-8.058944
2024-09-15 09:00:00,,-8.061936000000001
2024-09-15 10:00:00,,-8.064927999999998
2024-09-15 11:00:00,,-8.05892
2024-09-15 12:00:00,,-8.056912
2024-09-15 13:00:00,,-8.052904
2024-09-15 14:00:00,,-8.050896
2024-09-15 15:00:00,,-8.048888
2024-09-15 16:00:00,,-8.04688
2024-09-15 17:00:00,,-8.047872
2024-09-15 18:00:00,,-8.050864
2024-09-15 19:00:00,,-8.049856
2024-09-15 20:00:00,,-8.056848
2024-09-15 21:00:00,,-8.057839999999999
2024-09-15 22:00:00,,-8.062832
2024-09-15 23:00:00,,-8.058824000000001
2024-09-16 00:00:00,,-8.065816
2024-09-16 01:00:00,,-8.058808
2024-09-16 02:00:00,,-8.0578
2024-09-16 03:00:00,,-8.058792
2024-09-16 04:00:00,,-8.059784
2024-09-16 05:00:00,,-8.060775999999999
2024-09-16 06:00:00,,-8.057768
2024-09-16 07:00:00,,-8.06476
2024-09-16 08:00:00,,-8.067751999999999
2024-09-16 09:00:00,,-8.064744
2024-09-16 10:00:00,,-8.069736
2024-09-16 11:00:00,,-8.065728
2024-09-16 12:00:00,,-8.06372
2024-09-16 13:00:00,,-8.066711999999999
2024-09-16 14:00:00,,-8.055704
2024-09-16 15:00:00,,-8.048696
2024-09-16 16:00:00,,-8.046688
2024-09-16 17:00:00,,-8.05668
2024-09-16 18:00:00,,-8.062672000000001
2024-09-16 19:00:00,,-8.063664
2024-09-16 20:00:00,,-8.060656
2024-09-16 21:00:00,,-8.077648000000002
2024-09-16 22:00:00,,-8.067639999999999
2024-09-16 23:00:00,,-8.071632000000001
2024-09-17 00:00:00,,-8.076623999999999
2024-09-17 01:00:00,,-8.058616
2024-09-17 02:00:00,,-8.061608000000001
2024-09-17 03:00:00,,-8.0656
2024-09-17 04:00:00,,-8.059592
2024-09-17 05:00:00,,-8.058584000000002
2024-09-17 06:00:00,,-8.059576
2024-09-17 07:00:00,,-8.071568000000001
2024-09-17 08:00:00,,-8.06956
2024-09-17 09:00:00,,-8.073552
2024-09-17 10:00:00,,-8.068544000000001
2024-09-17 11:00:00,,-8.070535999999999
2024-09-17 12:00:00,,-8.071528
2024-09-17 13:00:00,,-8.06352
2024-09-17 14:00:00,,-8.060512
2024-09-17 15:00:00,,-8.059504
2024-09-17 16:00:00,,-8.055496
2024-09-17 17:00:00,,-8.054488
2024-09-17 18:00:00,,-8.05348
2024-09-17 19:00:00,,-8.058472
2024-09-17 20:00:00,,-8.061464
2024-09-17 21:00:00,,-8.065456000000001
2024-09-17 22:00:00,,-8.066448
2024-09-17 23:00:00,,-8.06944
2024-09-18 00:00:00,,-8.064432
2024-09-18 01:00:00,,-8.066424
2024-09-18 02:00:00,,-8.069416
2024-09-18 03:00:00,,-8.060407999999999
2024-09-18 04:00:00,,-8.0584
2024-09-18 05:00:00,,-8.054392
2024-09-18 06:00:00,,-8.060383999999999
2024-09-18 07:00:00,,-8.058376
2024-09-18 08:00:00,,-8.061368000000002
2024-09-18 09:00:00,,-8.06536
2024-09-18 10:00:00,,-8.069352
2024-09-18 11:00:00,,-8.071344
2024-09-18 12:00:00,,-8.066336
2024-09-18 13:00:00,,-8.062328
2024-09-18 14:00:00,,-8.057319999999999
2024-09-18 15:00:00,,-8.055312
2024-09-18 16:00:00,,-8.048304
2024-09-18 17:00:00,,-8.050296
2024-09-18 18:00:00,,-8.056288
2024-09-18 19:00:00,,-8.050279999999999
2024-09-18 20:00:00,,-8.060272
2024-09-18 21:00:00,,-8.062264
2024-09-18 22:00:00,,-8.066256
2024-09-18 23:00:00,,-8.064248
2024-09-19 00:00:00,,-8.062240000000001
2024-09-19 01:00:00,,-8.060232
2024-09-19 02:00:00,,-8.059224
2024-09-19 03:00:00,,-8.061216000000002
2024-09-19 04:00:00,,-8.060208
2024-09-19 05:00:00,,-8.0532
2024-09-19 06:00:00,,-8.055192
2024-09-19 07:00:00,,-8.062184
2024-09-19 08:00:00,,-8.060176
2024-09-19 09:00:00,,-8.065168
2024-09-19 10:00:00,,-8.06816
2024-09-19 11:00:00,,-8.072152
2024-09-19 12:00:00,,-8.066144
2024-09-19 13:00:00,,-8.062136
2024-09-19 14:00:00,,-8.064127999999998
2024-09-19 15:00:00,,-8.05912
2024-09-19 16:00:00,,-8.051112
2024-09-19 17:00:00,,-8.053104
2024-09-19 18:00:00,,-8.050096
2024-09-19 19:00:00,,-8.055088000000001
2024-09-19 20:00:00,,-8.06108
2024-09-19 21:00:00,,-8.057072
2024-09-19 22:00:00,,-8.057063999999999
2024-09-19 23:00:00,,-8.062056
2024-09-20 00:00:00,,-8.060048
2024-09-20 01:00:00,,-8.05604
2024-09-20 02:00:00,,-8.060032
2024-09-20 03:00:00,,-8.060024
2024-09-20 04:00:00,,-8.056016
2024-09-20 05:00:00,,-8.058008000000001
2024-09-20 06:00:00,,-8.057
2024-09-20 07:00:00,,-8.064992
2024-09-20 08:00:00,,-8.064984
2024-09-20 09:00:00,,-8.068976
2024-09-20 10:00:00,,-8.067968
2024-09-20 11:00:00,,-8.07196
2024-09-20 12:00:00,,-8.066951999999999
2024-09-20 13:00:00,,-8.062944
2024-09-20 14:00:00,,-8.059936
2024-09-20 15:00:00,,-8.051928
2024-09-20 16:00:00,,-8.054920000000001
2024-09-20 17:00:00,,-8.055912
2024-09-20 18:00:00,,-8.051904
2024-09-20 19:00:00,,-8.053896
2024-09-20 20:00:00,,-8.053887999999999
2024-09-20 21:00:00,,-8.060880000000001
2024-09-20 22:00:00,,-8.062872
2024-09-20 23:00:00,,-8.064864
2024-09-21 00:00:00,,-8.057856000000001
2024-09-21 01:00:00,,-8.058848
2024-09-21 02:00:00,,-8.06284
2024-09-21 03:00:00,,-8.059832
2024-09-21 04:00:00,,-8.061824
2024-09-21 05:00:00,,-8.056816
2024-09-21 06:00:00,,-8.059808
2024-09-21 07:00:00,,-8.066799999999999
2024-09-21 08:00:00,,-8.063792
2024-09-21 09:00:00,,-8.065784
2024-09-21 10:00:00,,-8.066775999999999
2024-09-21 11:00:00,,-8.069768
2024-09-21 12:00:00,,-8.06576
2024-09-21 13:00:00,,-8.060752
2024-09-21 14:00:00,,-8.056744
2024-09-21 15:00:00,,-8.054736
2024-09-21 16:00:00,,-8.055728
2024-09-21 17:00:00,,-8.05372
2024-09-21 18:00:00,,-8.054712
2024-09-21 19:00:00,,-8.054704000000001
2024-09-21 20:00:00,,-8.060696
2024-09-21 21:00:00,,-8.058688
2024-09-21 22:00:00,,-8.06268
2024-09-21 23:00:00,,-8.059671999999999
2024-09-22 00:00:00,,-8.064664
2024-09-22 01:00:00,,-8.066656
2024-09-22 02:00:00,,-8.065648
2024-09-22 03:00:00,,-8.06464
2024-09-22 04:00:00,,-8.064632
2024-09-22 05:00:00,,-8.064624
2024-09-22 06:00:00,,-8.063616
2024-09-22 07:00:00,,-8.063607999999999
2024-09-22 08:00:00,,-8.0656
2024-09-22 09:00:00,,-8.078592
2024-09-22 10:00:00,,-8.073584
2024-09-22 11:00:00,,-8.074576
2024-09-22 12:00:00,,-8.068568
2024-09-22 13:00:00,,-8.06556
2024-09-22 14:00:00,,-8.064552
2024-09-22 15:00:00,,-8.057544
2024-09-22 16:00:00,,-8.055536
2024-09-22 17:00:00,,-8.059528
2024-09-22 18:00:00,,-8.056519999999999
2024-09-22 19:00:00,,-8.060512000000001
2024-09-22 20:00:00,,-8.061504000000001
2024-09-22 21:00:00,,-8.060496
2024-09-22 22:00:00,,-8.062488
2024-09-22 23:00:00,,-8.06048
2024-09-23 00:00:00,,-8.058472
2024-09-23 01:00:00,,-8.058464
2024-09-23 02:00:00,,-8.064456
2024-09-23 03:00:00,,-8.063448
2024-09-23 04:00:00,,-8.061440000000001
2024-09-23 05:00:00,,-8.061432
2024-09-23 06:00:00,,-8.064424
2024-09-23 07:00:00,,-8.063415999999998
2024-09-23 08:00:00,,-8.065408
2024-09-23 09:00:00,,-8.080400000000001
2024-09-23 10:00:00,,-8.070392
2024-09-23 11:00:00,,-8.061384
2024-09-23 12:00:00,,-8.082376
2024-09-23 13:00:00,,-8.065368
2024-09-23 14:00:00,,-8.06136
2024-09-23 15:00:00,,-8.064352000000001
2024-09-23 16:00:00,,-8.058344
2024-09-23 17:00:00,,-8.061336
2024-09-23 18:00:00,,-8.069327999999999
2024-09-23 19:00:00,,-8.06832
2024-09-23 20:00:00,,-8.059312
2024-09-23 21:00:00,,-8.063303999999999
2024-09-23 22:00:00,,-8.067296
2024-09-23 23:00:00,,-8.057288000000002
2024-09-24 00:00:00,,-8.05628
2024-09-24 01:00:00,,-8.058272
2024-09-24 02:00:00,,-8.051264
2024-09-24 03:00:00,,-8.056256
2024-09-24 04:00:00,,-8.078248
2024-09-24 05:00:00,,-8.063239999999999
2024-09-24 06:00:00,,-8.072232
2024-09-24 07:00:00,,-8.072224
2024-09-24 08:00:00,,-8.076216
2024-09-24 09:00:00,,-8.066208
2024-09-24 10:00:00,,-8.0732
2024-09-24 11:00:00,,-8.069192
2024-09-24 12:00:00,,-8.066184
2024-09-24 13:00:00,,-8.062176
2024-09-24 14:00:00,,-8.054168
2024-09-24 15:00:00,,-8.057160000000001
2024-09-24 16:00:00,,-8.055152
2024-09-24 17:00:00,,-8.055144
2024-09-24 18:00:00,,-8.057136
2024-09-24 19:00:00,,-8.063127999999999
2024-09-24 20:00:00,,-8.05912
2024-09-24 21:00:00,,-8.063111999999999
2024-09-24 22:00:00,,-8.070104
2024-09-24 23:00:00,,-8.055096
2024-09-25 00:00:00,,-8.062088
2024-09-25 01:00:00,,-8.060080000000001
2024-09-25 02:00:00,,-8.057072000000002
2024-09-25 03:00:00,,-8.070064
2024-09-25 04:00:00,,-8.050056
2024-09-25 05:00:00,,-8.053047999999999
2024-09-25 06:00:00,,-8.05404
2024-09-25 07:00:00,,-8.058032
2024-09-25 08:00:00,,-8.064024
2024-09-25 09:00:00,,-8.070016
2024-09-25 10:00:00,,-8.065008
2024-09-25 11:00:00,,-8.064
2024-09-25 12:00:00,,-8.069992000000001
2024-09-25 13:00:00,,-8.054984
2024-09-25 14:00:00,,-8.052976
2024-09-25 15:00:00,,-8.061968
2024-09-25 16:00:00,,-8.06396
2024-09-25 17:00:00,,-8.059952000000001
2024-09-25 18:00:00,,-8.060944000000001
2024-09-25 19:00:00,,-8.060936
2024-09-25 20:00:00,,-8.064928
2024-09-25 21:00:00,,-8.067919999999999
2024-09-25 22:00:00,,-8.065911999999999
2024-09-25 23:00:00,,-8.069904000000001
2024-09-26 00:00:00,,-8.064896
2024-09-26 01:00:00,,-8.066888
2024-09-26 02:00:00,,-8.06588
2024-09-26 03:00:00,,-8.068871999999999
2024-09-26 04:00:00,,-8.070864
2024-09-26 05:00:00,,-8.070856000000001
2024-09-26 06:00:00,,-8.068848
2024-09-26 07:00:00,,-8.075840000000001
2024-09-26 08:00:00,,-8.078831999999998
2024-09-26 09:00:00,,-8.074824
2024-09-26 10:00:00,,-8.076816
2024-09-26 11:00:00,,-8.076808
2024-09-26 12:00:00,,-8.0688
2024-09-26 13:00:00,,-8.071792
2024-09-26 14:00:00,,-8.067784
2024-09-26 15:00:00,,-8.067776
2024-09-26 16:00:00,,-8.065767999999998
2024-09-26 17:00:00,,-8.06576
2024-09-26 18:00:00,,-8.064752
2024-09-26 19:00:00,,-8.065743999999999
2024-09-26 20:00:00,,-8.067736
2024-09-26 21:00:00,,-8.071728
2024-09-26 22:00:00,,-8.068719999999999
2024-09-26 23:00:00,,-8.065712
2024-09-27 00:00:00,,-8.067703999999999
2024-09-27 01:00:00,,-8.061696
2024-09-27 02:00:00,,-8.058688
2024-09-27 03:00:00,,-8.05968
2024-09-27 04:00:00,,-8.060672
2024-09-27 05:00:00,,-8.058664
2024-09-27 06:00:00,,-8.071655999999999
2024-09-27 07:00:00,,-8.076648
2024-09-27 08:00:00,,-8.08364
2024-09-27 09:00:00,,-8.076632
2024-09-27 10:00:00,,-8.075624000000001
2024-09-27 11:00:00,,-8.074615999999999
2024-09-27 12:00:00,,-8.076608
2024-09-27 13:00:00,,-8.0686
2024-09-27 14:00:00,,-8.066592
2024-09-27 15:00:00,,-8.064584
2024-09-27 16:00:00,,-8.058576
2024-09-27 17:00:00,,-8.063568
2024-09-27 18:00:00,,-8.06456
2024-09-27 19:00:00,,-8.067552
2024-09-27 20:00:00,,-8.065544
2024-09-27 21:00:00,,-8.068536
2024-09-27 22:00:00,,-8.073528
2024-09-27 23:00:00,,-8.07152
2024-09-28 00:00:00,,-8.071512
2024-09-28 01:00:00,,-8.064504
2024-09-28 02:00:00,,-8.062496
2024-09-28 03:00:00,,-8.063488
2024-09-28 04:00:00,,-8.06648
2024-09-28 05:00:00,,-8.065472
2024-09-28 06:00:00,,-8.067464
2024-09-28 07:00:00,,-8.067456
2024-09-28 08:00:00,,-8.071448
2024-09-28 09:00:00,,-8.07744
2024-09-28 10:00:00,,-8.071432
2024-09-28 11:00:00,,-8.074424
2024-09-28 12:00:00,,-8.069416
2024-09-28 13:00:00,,-8.065408
2024-09-28 14:00:00,,-8.0644
2024-09-28 15:00:00,,-8.061392
2024-09-28 16:00:00,,-8.059384000000001
2024-09-28 17:00:00,,-8.061376
2024-09-28 18:00:00,,-8.063368
2024-09-28 19:00:00,,-8.060360000000001
2024-09-28 20:00:00,,-8.064352
2024-09-28 21:00:00,,-8.068344
2024-09-28 22:00:00,,-8.071335999999999
2024-09-28 23:00:00,,-8.072328
2024-09-29 00:00:00,,-8.06732
2024-09-29 01:00:00,,-8.068311999999999
2024-09-29 02:00:00,,-8.070304
2024-09-29 03:00:00,,-8.057296000000001
2024-09-29 04:00:00,,-8.059288
2024-09-29 05:00:00,,-8.06628
2024-09-29 06:00:00,,-8.069272
2024-09-29 07:00:00,,-8.067264
2024-09-29 08:00:00,,-8.077256
2024-09-29 09:00:00,,-8.074247999999999
2024-09-29 10:00:00,,-8.07524
2024-09-29 11:00:00,,-8.076232000000001
2024-09-29 12:00:00,,-8.073224
2024-09-29 13:00:00,,-8.069216
2024-09-29 14:00:00,,-8.067208
2024-09-29 15:00:00,,-8.0612
2024-09-29 16:00:00,,-8.073192
2024-09-29 17:00:00,,-8.068183999999999
2024-09-29 18:00:00,,-8.074176
2024-09-29 19:00:00,,-8.081168
2024-09-29 20:00:00,,-8.06916
2024-09-29 21:00:00,,-8.086152
2024-09-29 22:00:00,,-8.083144
2024-09-29 23:00:00,,-8.083136
2024-09-30 00:00:00,,-8.078128
2024-09-30 01:00:00,,-8.07512
2024-09-30 02:00:00,,-8.076112
2024-09-30 03:00:00,,-8.071104
2024-09-30 04:00:00,,-8.072096
2024-09-30 05:00:00,,-8.068088
2024-09-30 06:00:00,,-8.076080000000001
2024-09-30 07:00:00,,-8.078071999999999
2024-09-30 08:00:00,,-8.081064
2024-09-30 09:00:00,,-8.085056
2024-09-30 10:00:00,,-8.085048
2024-09-30 11:00:00,,-8.082040000000001
2024-09-30 12:00:00,,-8.076032
2024-09-30 13:00:00,,-8.073024
2024-09-30 14:00:00,,-8.069016000000001
2024-09-30 15:00:00,,-8.068007999999999
2024-09-30 16:00:00,,-8.064
2024-09-30 17:00:00,,-8.062992000000001
2024-09-30 18:00:00,,-8.063984
2024-09-30 19:00:00,,-8.066976
2024-09-30 20:00:00,,-8.072968
2024-09-30 21:00:00,,-8.07896
2024-09-30 22:00:00,,-8.081952000000001
2024-09-30 23:00:00,,-8.075944
2024-10-01 00:00:00,,-8.075936
2024-10-01 01:00:00,,-8.071928000000002
2024-10-01 02:00:00,,-8.07192
2024-10-01 03:00:00,,-8.069912
2024-10-01 04:00:00,,-8.071904
2024-10-01 05:00:00,,-8.071896
2024-10-01 06:00:00,,-8.071888000000001
2024-10-01 07:00:00,,-8.07588
2024-10-01 08:00:00,,-8.079872
2024-10-01 09:00:00,,-8.082864
2024-10-01 10:00:00,,-8.083855999999999
2024-10-01 11:00:00,,-8.076848
2024-10-01 12:00:00,,-8.079839999999999
2024-10-01 13:00:00,,-8.078832
2024-10-01 14:00:00,,-8.067824
2024-10-01 15:00:00,,-8.067815999999999
2024-10-01 16:00:00,,-8.066808
2024-10-01 17:00:00,,-8.0618
2024-10-01 18:00:00,,-8.061791999999999
2024-10-01 19:00:00,,-8.071784000000001
2024-10-01 20:00:00,,-8.063776
2024-10-01 21:00:00,,-8.071768
2024-10-01 22:00:00,,-8.07576
2024-10-01 23:00:00,,-8.075752
2024-10-02 00:00:00,,-8.077744
2024-10-02 01:00:00,,-8.072736
2024-10-02 02:00:00,,-8.070727999999999
2024-10-02 03:00:00,,-8.07072
2024-10-02 04:00:00,,-8.068712000000001
2024-10-02 05:00:00,,-8.067703999999999
2024-10-02 06:00:00,,-8.068696000000001
2024-10-02 07:00:00,,-8.075688
2024-10-02 08:00:00,,-8.07368
2024-10-02 09:00:00,,-8.076672
2024-10-02 10:00:00,,-8.075664
2024-10-02 11:00:00,,-8.075656
2024-10-02 12:00:00,,-8.074648000000002
2024-10-02 13:00:00,,-8.06564
2024-10-02 14:00:00,,-8.062632
2024-10-02 15:00:00,,-8.058624
2024-10-02 16:00:00,,-8.057616
2024-10-02 17:00:00,,-8.058608000000001
2024-10-02 18:00:00,,-8.0626
2024-10-02 19:00:00,,-8.058592
2024-10-02 20:00:00,,-8.060584
2024-10-02 21:00:00,,-8.069576
2024-10-02 22:00:00,,-8.067568
2024-10-02 23:00:00,,-8.06656
2024-10-03 00:00:00,,-8.067552
2024-10-03 01:00:00,,-8.071544000000001
2024-10-03 02:00:00,,-8.065536
2024-10-03 03:00:00,,-8.063528
2024-10-03 04:00:00,,-8.06352
2024-10-03 05:00:00,,-8.061511999999999
2024-10-03 06:00:00,,-8.065504
2024-10-03 07:00:00,,-8.069496000000001
2024-10-03 08:00:00,,-8.072488
2024-10-03 09:00:00,,-8.074480000000001
2024-10-03 10:00:00,,-8.075472
2024-10-03 11:00:00,,-8.066464
2024-10-03 12:00:00,,-8.067456
2024-10-03 13:00:00,,-8.061447999999999
2024-10-03 14:00:00,,-8.06344
2024-10-03 15:00:00,,-8.060432
2024-10-03 16:00:00,,-8.061423999999999
2024-10-03 17:00:00,,-8.061416
2024-10-03 18:00:00,,-8.060407999999999
2024-10-03 19:00:00,,-8.0634
2024-10-03 20:00:00,,-8.060392
2024-10-03 21:00:00,,-8.066384
2024-10-03 22:00:00,,-8.070376
2024-10-03 23:00:00,,-8.073368
2024-10-04 00:00:00,,-8.07136
2024-10-04 01:00:00,,-8.070352
2024-10-04 02:00:00,,-8.068344000000002
2024-10-04 03:00:00,,-8.065336
2024-10-04 04:00:00,,-8.062328
2024-10-04 05:00:00,,-8.06232
2024-10-04 06:00:00,,-8.066312
2024-10-04 07:00:00,,-8.072304
2024-10-04 08:00:00,,-8.070295999999999
2024-10-04 09:00:00,,-8.075288
2024-10-04 10:00:00,,-8.072280000000001
2024-10-04 11:00:00,,-8.074272
2024-10-04 12:00:00,,-8.073264
2024-10-04 13:00:00,,-8.067255999999999
2024-10-04 14:00:00,,-8.067248
2024-10-04 15:00:00,,-8.06024
2024-10-04 16:00:00,,-8.059232
2024-10-04 17:00:00,,-8.059224
2024-10-04 18:00:00,,-8.059216000000001
2024-10-04 19:00:00,,-8.059208
2024-10-04 20:00:00,,-8.0642
2024-10-04 21:00:00,,-8.068192
2024-10-04 22:00:00,,-8.069184
2024-10-04 23:00:00,,-8.065176000000001
2024-10-05 00:00:00,,-8.071168
2024-10-05 01:00:00,,-8.07216
2024-10-05 02:00:00,,-8.068152000000001
2024-10-05 03:00:00,,-8.068144
2024-10-05 04:00:00,,-8.066136
2024-10-05 05:00:00,,-8.063128
2024-10-05 06:00:00,,-8.06712
2024-10-05 07:00:00,,-8.064112
2024-10-05 08:00:00,,-8.070103999999999
2024-10-05 09:00:00,,-8.073096
2024-10-05 10:00:00,,-8.070088
2024-10-05 11:00:00,,-8.07208
2024-10-05 12:00:00,,-8.071072000000001
2024-10-05 13:00:00,,-8.067064
2024-10-05 14:00:00,,-8.068056
2024-10-05 15:00:00,,-8.069048
2024-10-05 16:00:00,,-8.06204
2024-10-05 17:00:00,,-8.065032
2024-10-05 18:00:00,,-8.066024
2024-10-05 19:00:00,,-8.067015999999999
2024-10-05 20:00:00,,-8.070008
2024-10-05 21:00:00,,-8.073
2024-10-05 22:00:00,,-8.069992
2024-10-05 23:00:00,,-8.074984
2024-10-06 00:00:00,,-8.071976
2024-10-06 01:00:00,,-8.075968
2024-10-06 02:00:00,,-8.07196
2024-10-06 03:00:00,,-8.071952
2024-10-06 04:00:00,,-8.067944
2024-10-06 05:00:00,,-8.075936
2024-10-06 06:00:00,,-8.074928
2024-10-06 07:00:00,,-8.07692
2024-10-06 08:00:00,,-8.075911999999999
2024-10-06 09:00:00,,-8.078904
2024-10-06 10:00:00,,-8.080896000000001
2024-10-06 11:00:00,,-8.081888
2024-10-06 12:00:00,,-8.08088
2024-10-06 13:00:00,,-8.075872
2024-10-06 14:00:00,,-8.073864
2024-10-06 15:00:00,,-8.068856
2024-10-06 16:00:00,,-8.069848
2024-10-06 17:00:00,,-8.06884
2024-10-06 18:00:00,,-8.066832
2024-10-06 19:00:00,,-8.069823999999999
2024-10-06 20:00:00,,-8.069816
2024-10-06 21:00:00,,-8.078808
2024-10-06 22:00:00,,-8.0778
2024-10-06 23:00:00,,-8.077792
2024-10-07 00:00:00,,-8.078784
2024-10-07 01:00:00,,-8.077776
2024-10-07 02:00:00,,-8.073768000000001
2024-10-07 03:00:00,,-8.078759999999999
2024-10-07 04:00:00,,-8.075752
2024-10-07 05:00:00,,-8.075744
2024-10-07 06:00:00,,-8.079735999999999
2024-10-07 07:00:00,,-8.081728
2024-10-07 08:00:00,,-8.08272
2024-10-07 09:00:00,,-8.088712
2024-10-07 10:00:00,,-8.084704
2024-10-07 11:00:00,,-8.083696
2024-10-07 12:00:00,,-8.085688
2024-10-07 13:00:00,,-8.07768
2024-10-07 14:00:00,,-8.075671999999999
2024-10-07 15:00:00,,-8.076664
2024-10-07 16:00:00,,-8.074656000000001
2024-10-07 17:00:00,,-8.070648
2024-10-07 18:00:00,,-8.073640000000001
2024-10-07 19:00:00,,-8.073632000000002
2024-10-07 20:00:00,,-8.071624
2024-10-07 21:00:00,,-8.072616
2024-10-07 22:00:00,,-8.075607999999999
2024-10-07 23:00:00,,-8.0806
2024-10-08 00:00:00,,-8.077592000000001
2024-10-08 01:00:00,,-8.080584
2024-10-08 02:00:00,,-8.075576
2024-10-08 03:00:00,,-8.077568000000001
2024-10-08 04:00:00,,-8.08156
2024-10-08 05:00:00,,-8.076552
2024-10-08 06:00:00,,-8.078543999999999
2024-10-08 07:00:00,,-8.084536
2024-10-08 08:00:00,,-8.083528000000001
2024-10-08 09:00:00,,-8.085519999999999
2024-10-08 10:00:00,,-8.085512
2024-10-08 11:00:00,,-8.085504
2024-10-08 12:00:00,,-8.078496
2024-10-08 13:00:00,,-8.076488
2024-10-08 14:00:00,,-8.075479999999999
2024-10-08 15:00:00,,-8.071472
2024-10-08 16:00:00,,-8.073464000000001
2024-10-08 17:00:00,,-8.072455999999999
2024-10-08 18:00:00,,-8.073448
2024-10-08 19:00:00,,-8.073440000000002
2024-10-08 20:00:00,,-8.077432
2024-10-08 21:00:00,,-8.075424
2024-10-08 22:00:00,,-8.075416
2024-10-08 23:00:00,,-8.080408
2024-10-09 00:00:00,,-8.073400000000001
2024-10-09 01:00:00,,-8.075391999999999
2024-10-09 02:00:00,,-8.075384
2024-10-09 03:00:00,,-8.078376
2024-10-09 04:00:00,,-8.072367999999999
2024-10-09 05:00:00,,-8.07936
2024-10-09 06:00:00,,-8.083352000000001
2024-10-09 07:00:00,,-8.081344
2024-10-09 08:00:00,,-8.084336
2024-10-09 09:00:00,,-8.083328
2024-10-09 10:00:00,,-8.08732
2024-10-09 11:00:00,,-8.078312
2024-10-09 12:00:00,,-8.077304
2024-10-09 13:00:00,,-8.077296
2024-10-09 14:00:00,,-8.072288
2024-10-09 15:00:00,,-8.07328
2024-10-09 16:00:00,,-8.072272
2024-10-09 17:00:00,,-8.072263999999999
2024-10-09 18:00:00,,-8.071256
2024-10-09 19:00:00,,-8.076248
2024-10-09 20:00:00,,-8.07824
2024-10-09 21:00:00,,-8.077232
2024-10-09 22:00:00,,-8.079224
2024-10-09 23:00:00,,-8.078216
2024-10-10 00:00:00,,-8.075208
2024-10-10 01:00:00,,-8.077200000000001
2024-10-10 02:00:00,,-8.071192
2024-10-10 03:00:00,,-8.076184
2024-10-10 04:00:00,,-8.078176
2024-10-10 05:00:00,,-8.073168
2024-10-10 06:00:00,,-8.080160000000001
2024-10-10 07:00:00,,-8.081152
2024-10-10 08:00:00,,-8.082144
2024-10-10 09:00:00,,-8.085136
2024-10-10 10:00:00,,-8.086128
2024-10-10 11:00:00,,-8.083120000000001
2024-10-10 12:00:00,,-8.082111999999999
2024-10-10 13:00:00,,-8.078104
2024-10-10 14:00:00,,-8.076096
2024-10-10 15:00:00,,-8.072087999999999
2024-10-10 16:00:00,,-8.07708
2024-10-10 17:00:00,,-8.077072000000001
2024-10-10 18:00:00,,-8.073064
2024-10-10 19:00:00,,-8.078056
2024-10-10 20:00:00,,-8.079047999999998
2024-10-10 21:00:00,,-8.07804
2024-10-10 22:00:00,,-8.081032
2024-10-10 23:00:00,,-8.085023999999999
2024-10-11 00:00:00,,-8.079016
2024-10-11 01:00:00,,-8.079008
2024-10-11 02:00:00,,-8.077
2024-10-11 03:00:00,,-8.078992
2024-10-11 04:00:00,,-8.081984
2024-10-11 05:00:00,,-8.081976
2024-10-11 06:00:00,,-8.082968000000001
2024-10-11 07:00:00,,-8.08896
2024-10-11 08:00:00,,-8.087952
2024-10-11 09:00:00,,-8.087944
2024-10-11 10:00:00,,-8.085936
2024-10-11 11:00:00,,-8.086928
2024-10-11 12:00:00,,-8.07892
2024-10-11 13:00:00,,-8.077912
2024-10-11 14:00:00,,-8.074904
2024-10-11 15:00:00,,-8.074895999999999
2024-10-11 16:00:00,,-8.071888
2024-10-11 17:00:00,,-8.07588
2024-10-11 18:00:00,,-8.076872
2024-10-11 19:00:00,,-8.077864
2024-10-11 20:00:00,,-8.083856
2024-10-11 21:00:00,,-8.085848
2024-10-11 22:00:00,,-8.08484
2024-10-11 23:00:00,,-8.082832
2024-10-12 00:00:00,,-8.081824
2024-10-12 01:00:00,,-8.080816
2024-10-12 02:00:00,,-8.080808
2024-10-12 03:00:00,,-8.0788
2024-10-12 04:00:00,,-8.076792000000001
2024-10-12 05:00:00,,-8.078783999999999
2024-10-12 06:00:00,,-8.078776
2024-10-12 07:00:00,,-8.079768000000001
2024-10-12 08:00:00,,-8.08276
2024-10-12 09:00:00,,-8.082752000000001
2024-10-12 10:00:00,,-8.082744
2024-10-12 11:00:00,,-8.083736
2024-10-12 12:00:00,,-8.073728000000001
2024-10-12 13:00:00,,-8.07272
2024-10-12 14:00:00,,-8.075712
2024-10-12 15:00:00,,-8.070704000000001
2024-10-12 16:00:00,,-8.071696
2024-10-12 17:00:00,,-8.071688
2024-10-12 18:00:00,,-8.074679999999999
2024-10-12 19:00:00,,-8.071672
2024-10-12 20:00:00,,-8.080664
2024-10-12 21:00:00,,-8.073656
2024-10-12 22:00:00,,-8.078648
2024-10-12 23:00:00,,-8.08064
2024-10-13 00:00:00,,-8.078631999999999
2024-10-13 01:00:00,,-8.071624
2024-10-13 02:00:00,,-8.074615999999999
2024-10-13 03:00:00,,-8.074608
2024-10-13 04:00:00,,-8.0756
2024-10-13 05:00:00,,-8.075591999999999
2024-10-13 06:00:00,,-8.074584
2024-10-13 07:00:00,,-8.079576000000001
2024-10-13 08:00:00,,-8.081567999999999
2024-10-13 09:00:00,,-8.08156
2024-10-13 10:00:00,,-8.082552000000002
2024-10-13 11:00:00,,-8.079544
2024-10-13 12:00:00,,-8.076536
2024-10-13 13:00:00,,-8.068527999999999
2024-10-13 14:00:00,,-8.06452
2024-10-13 15:00:00,,-8.065512
2024-10-13 16:00:00,,-8.064504
2024-10-13 17:00:00,,-8.061496
2024-10-13 18:00:00,,-8.066488000000001
2024-10-13 19:00:00,,-8.06648
2024-10-13 20:00:00,,-8.071472
2024-10-13 21:00:00,,-8.077463999999999
2024-10-13 22:00:00,,-8.080456
2024-10-13 23:00:00,,-8.075448
2024-10-14 00:00:00,,-8.07344
2024-10-14 01:00:00,,-8.073432
2024-10-14 02:00:00,,-8.072424000000002
2024-10-14 03:00:00,,-8.067416
2024-10-14 04:00:00,,-8.066408000000001
2024-10-14 05:00:00,,-8.068399999999999
2024-10-14 06:00:00,,-8.072392
2024-10-14 07:00:00,,-8.077384
2024-10-14 08:00:00,,-8.077376
2024-10-14 09:00:00,,-8.084368
2024-10-14 10:00:00,,-8.08036
2024-10-14 11:00:00,,-8.080352
2024-10-14 12:00:00,,-8.077344
2024-10-14 13:00:00,,-8.072336000000002
2024-10-14 14:00:00,,-8.065328
2024-10-14 15:00:00,,-8.06432
2024-10-14 16:00:00,,-8.063312
2024-10-14 17:00:00,,-8.063304
2024-10-14 18:00:00,,-8.074296
2024-10-14 19:00:00,,-8.075287999999999
2024-10-14 20:00:00,,-8.07528
2024-10-14 21:00:00,,-8.075272
2024-10-14 22:00:00,,-8.078263999999999
2024-10-14 23:00:00,,-8.083256
2024-10-15 00:00:00,,-8.077247999999999
2024-10-15 01:00:00,,-8.07924
2024-10-15 02:00:00,,-8.076232000000001
2024-10-15 03:00:00,,-8.067224
2024-10-15 04:00:00,,-8.066216
2024-10-15 05:00:00,,-8.067208
2024-10-15 06:00:00,,-8.0732
2024-10-15 07:00:00,,-8.077192
2024-10-15 08:00:00,,-8.085184
2024-10-15 09:00:00,,-8.084176
2024-10-15 10:00:00,,-8.081168
2024-10-15 11:00:00,,-8.08616
2024-10-15 12:00:00,,-8.079152
2024-10-15 13:00:00,,-8.075144
2024-10-15 14:00:00,,-8.070136
2024-10-15 15:00:00,,-8.071128
2024-10-15 16:00:00,,-8.067120000000001
2024-10-15 17:00:00,,-8.069112
2024-10-15 18:00:00,,-8.074104
2024-10-15 19:00:00,,-8.070096
2024-10-15 20:00:00,,-8.077088
2024-10-15 21:00:00,,-8.08108
2024-10-15 22:00:00,,-8.080072
2024-10-15 23:00:00,,-8.083064
2024-10-16 00:00:00,,-8.074056
2024-10-16 01:00:00,,-8.075047999999999
2024-10-16 02:00:00,,-8.072040000000001
2024-10-16 03:00:00,,-8.067032
2024-10-16 04:00:00,,-8.070024
2024-10-16 05:00:00,,-8.066016000000001
2024-10-16 06:00:00,,-8.076008
2024-10-16 07:00:00,,-8.075
2024-10-16 08:00:00,,-8.082992
2024-10-16 09:00:00,,-8.082984
2024-10-16 10:00:00,,-8.083976
2024-10-16 11:00:00,,-8.082968
2024-10-16 12:00:00,,-8.07996
2024-10-16 13:00:00,,-8.072952
2024-10-16 14:00:00,,-8.068944
2024-10-16 15:00:00,,-8.067936
2024-10-16 16:00:00,,-8.067928
2024-10-16 17:00:00,,-8.06992
2024-10-16 18:00:00,,-8.070912
2024-10-16 19:00:00,,-8.072904000000001
2024-10-16 20:00:00,,-8.069896
2024-10-16 21:00:00,,-8.075888
2024-10-16 22:00:00,,-8.074879999999999
2024-10-16 23:00:00,,-8.079872
2024-10-17 00:00:00,,-8.074864
2024-10-17 01:00:00,,-8.074855999999999
2024-10-17 02:00:00,,-8.071848000000001
2024-10-17 03:00:00,,-8.068840000000002
2024-10-17 04:00:00,,-8.066832
2024-10-17 05:00:00,,-8.071824000000001
2024-10-17 06:00:00,,-8.074815999999998
2024-10-17 07:00:00,,-8.078808
2024-10-17 08:00:00,,-8.0748
2024-10-17 09:00:00,,-8.082792
2024-10-17 10:00:00,,-8.082784
2024-10-17 11:00:00,,-8.080776
2024-10-17 12:00:00,,-8.077767999999999
2024-10-17 13:00:00,,-8.07476
2024-10-17 14:00:00,,-8.072752
2024-10-17 15:00:00,,-8.071744
2024-10-17 16:00:00,,-8.070736
2024-10-17 17:00:00,,-8.067727999999999
2024-10-17 18:00:00,,-8.071720000000001
2024-10-17 19:00:00,,-8.074712
2024-10-17 20:00:00,,-8.082704
2024-10-17 21:00:00,,-8.083696
2024-10-17 22:00:00,,-8.085688000000001
2024-10-17 23:00:00,,-8.08268
2024-10-18 00:00:00,,-8.077672
2024-10-18 01:00:00,,-8.078664
2024-10-18 02:00:00,,-8.075656
2024-10-18 03:00:00,,-8.078648000000001
2024-10-18 04:00:00,,-8.074639999999999
2024-10-18 05:00:00,,-8.083632
2024-10-18 06:00:00,,-8.079624
2024-10-18 07:00:00,,-8.081616
2024-10-18 08:00:00,,-8.085608
2024-10-18 09:00:00,,-8.089599999999999
2024-10-18 10:00:00,,-8.085592
2024-10-18 11:00:00,,-8.084584000000001
2024-10-18 12:00:00,,-8.080575999999999
2024-10-18 13:00:00,,-8.079568
2024-10-18 14:00:00,,-8.075560000000001
2024-10-18 15:00:00,,-8.071552
2024-10-18 16:00:00,,-8.073544
2024-10-18 17:00:00,,-8.070535999999999
2024-10-18 18:00:00,,-8.071528
2024-10-18 19:00:00,,-8.07652
2024-10-18 20:00:00,,-8.081512
2024-10-18 21:00:00,,-8.082504
2024-10-18 22:00:00,,-8.080496
2024-10-18 23:00:00,,-8.086488
2024-10-19 00:00:00,,-8.08548
2024-10-19 01:00:00,,-8.087472000000002
2024-10-19 02:00:00,,-8.086464
2024-10-19 03:00:00,,-8.083456
2024-10-19 04:00:00,,-8.083447999999999
2024-10-19 05:00:00,,-8.08544
2024-10-19 06:00:00,,-8.081432000000001
2024-10-19 07:00:00,,-8.091424
2024-10-19 08:00:00,,-8.089416
2024-10-19 09:00:00,,-8.092408
2024-10-19 10:00:00,,-8.0894
2024-10-19 11:00:00,,-8.092392
2024-10-19 12:00:00,,-8.091384
2024-10-19 13:00:00,,-8.088376
2024-10-19 14:00:00,,-8.085368
2024-10-19 15:00:00,,-8.07936
2024-10-19 16:00:00,,-8.072352
2024-10-19 17:00:00,,-8.076344
2024-10-19 18:00:00,,-8.079336
2024-10-19 19:00:00,,-8.078328
2024-10-19 20:00:00,,-8.07932
2024-10-19 21:00:00,,-8.080312
2024-10-19 22:00:00,,-8.090304
2024-10-19 23:00:00,,-8.084296
2024-10-20 00:00:00,,-8.087288000000001
2024-10-20 01:00:00,,-8.09228
2024-10-20 02:00:00,,-8.086272
2024-10-20 03:00:00,,-8.086264
2024-10-20 04:00:00,,-8.088256
2024-10-20 05:00:00,,-8.087248
2024-10-20 06:00:00,,-8.09224
2024-10-20 07:00:00,,-8.096231999999999
2024-10-20 08:00:00,,-8.096224
2024-10-20 09:00:00,,-8.095216
2024-10-20 10:00:00,,-8.093207999999999
2024-10-20 11:00:00,,-8.0892
2024-10-20 12:00:00,,-8.088192000000001
2024-10-20 13:00:00,,-8.085184
2024-10-20 14:00:00,,-8.082176
2024-10-20 15:00:00,,-8.081168
2024-10-20 16:00:00,,-8.07816
2024-10-20 17:00:00,,-8.078152000000001
2024-10-20 18:00:00,,-8.077143999999999
2024-10-20 19:00:00,,-8.078136
2024-10-20 20:00:00,,-8.077128
2024-10-20 21:00:00,,-8.07812
2024-10-20 22:00:00,,-8.081112000000001
2024-10-20 23:00:00,,-8.086103999999999
2024-10-21 00:00:00,,-8.083096
2024-10-21 01:00:00,,-8.085088
2024-10-21 02:00:00,,-8.083079999999999
2024-10-21 03:00:00,,-8.083072
2024-10-21 04:00:00,,-8.084064000000001
2024-10-21 05:00:00,,-8.082056
2024-10-21 06:00:00,,-8.086048
2024-10-21 07:00:00,,-8.086039999999999
2024-10-21 08:00:00,,-8.091032
2024-10-21 09:00:00,,-8.093024
2024-10-21 10:00:00,,-8.093015999999999
2024-10-21 11:00:00,,-8.092008
2024-10-21 12:00:00,,-8.083
2024-10-21 13:00:00,,-8.079991999999999
2024-10-21 14:00:00,,-8.083984000000001
2024-10-21 15:00:00,,-8.079976
2024-10-21 16:00:00,,-8.076967999999999
2024-10-21 17:00:00,,-8.07496
2024-10-21 18:00:00,,-8.071952
2024-10-21 19:00:00,,-8.074944
2024-10-21 20:00:00,,-8.075936
2024-10-21 21:00:00,,-8.079927999999999
2024-10-21 22:00:00,,-8.07792
2024-10-21 23:00:00,,-8.080912000000001
2024-10-22 00:00:00,,-8.080904
2024-10-22 01:00:00,,-8.081896
2024-10-22 02:00:00,,-8.082887999999999
2024-10-22 03:00:00,,-8.07588
2024-10-22 04:00:00,,-8.077872000000001
2024-10-22 05:00:00,,-8.078864
2024-10-22 06:00:00,,-8.081856
2024-10-22 07:00:00,,-8.079848
2024-10-22 08:00:00,,-8.08484
2024-10-22 09:00:00,,-8.088832
2024-10-22 10:00:00,,-8.088823999999999
2024-10-22 11:00:00,,-8.083816
2024-10-22 12:00:00,,-8.086808000000001
2024-10-22 13:00:00,,-8.0788
2024-10-22 14:00:00,,-8.081792
2024-10-22 15:00:00,,-8.076784
2024-10-22 16:00:00,,-8.074776
2024-10-22 17:00:00,,-8.076768
2024-10-22 18:00:00,,-8.081760000000001
2024-10-22 19:00:00,,-8.074752
2024-10-22 20:00:00,,-8.083744000000001
2024-10-22 21:00:00,,-8.079735999999999
2024-10-22 22:00:00,,-8.082728
2024-10-22 23:00:00,,-8.07972
2024-10-23 00:00:00,,-8.084712
2024-10-23 01:00:00,,-8.080704
2024-10-23 02:00:00,,-8.077696000000001
2024-10-23 03:00:00,,-8.077688
2024-10-23 04:00:00,,-8.07768
2024-10-23 05:00:00,,-8.084672
2024-10-23 06:00:00,,-8.082664
2024-10-23 07:00:00,,-8.087656
2024-10-23 08:00:00,,-8.085647999999999
2024-10-23 09:00:00,,-8.09164
2024-10-23 10:00:00,,-8.089632
2024-10-23 11:00:00,,-8.089623999999999
2024-10-23 12:00:00,,-8.088616
2024-10-23 13:00:00,,-8.086608
2024-10-23 14:00:00,,-8.0806
2024-10-23 15:00:00,,-8.079592
2024-10-23 16:00:00,,-8.079583999999999
2024-10-23 17:00:00,,-8.079576
2024-10-23 18:00:00,,-8.084568
2024-10-23 19:00:00,,-8.08756
2024-10-23 20:00:00,,-8.085552
2024-10-23 21:00:00,,-8.087544000000001
2024-10-23 22:00:00,,-8.086536
2024-10-23 23:00:00,,-8.085528
2024-10-24 00:00:00,,-8.085519999999999
2024-10-24 01:00:00,,-8.082512
2024-10-24 02:00:00,,-8.083504000000001
2024-10-24 03:00:00,,-8.082495999999999
2024-10-24 04:00:00,,-8.084488
2024-10-24 05:00:00,,-8.08548
2024-10-24 06:00:00,,-8.089471999999999
2024-10-24 07:00:00,,-8.088464
2024-10-24 08:00:00,,-8.093456
2024-10-24 09:00:00,,-8.096448
2024-10-24 10:00:00,,-8.09544
2024-10-24 11:00:00,,-8.093432
2024-10-24 12:00:00,,-8.089424
2024-10-24 13:00:00,,-8.086416000000002
2024-10-24 14:00:00,,-8.086408
2024-10-24 15:00:00,,-8.083400000000001
2024-10-24 16:00:00,,-8.082391999999999
2024-10-24 17:00:00,,-8.080384
2024-10-24 18:00:00,,-8.085376
2024-10-24 19:00:00,,-8.090368
2024-10-24 20:00:00,,-8.09136
2024-10-24 21:00:00,,-8.095352
2024-10-24 22:00:00,,-8.094344
2024-10-24 23:00:00,,-8.094336
2024-10-25 00:00:00,,-8.091328
2024-10-25 01:00:00,,-8.09032
2024-10-25 02:00:00,,-8.096312000000001
2024-10-25 03:00:00,,-8.085303999999999
2024-10-25 04:00:00,,-8.090296
2024-10-25 05:00:00,,-8.089288
2024-10-25 06:00:00,,-8.08828
2024-10-25 07:00:00,,-8.091272
2024-10-25 08:00:00,,-8.093264000000001
2024-10-25 09:00:00,,-8.098256
2024-10-25 10:00:00,,-8.094248
2024-10-25 11:00:00,,-8.092239999999999
2024-10-25 12:00:00,,-8.090232
2024-10-25 13:00:00,,-8.086224000000001
2024-10-25 14:00:00,,-8.085215999999999
2024-10-25 15:00:00,,-8.081208
2024-10-25 16:00:00,,-8.0812
2024-10-25 17:00:00,,-8.082192
2024-10-25 18:00:00,,-8.085184
2024-10-25 19:00:00,,-8.082175999999999
2024-10-25 20:00:00,,-8.089167999999999
2024-10-25 21:00:00,,-8.08916
2024-10-25 22:00:00,,-8.093152
2024-10-25 23:00:00,,-8.089144
2024-10-26 00:00:00,,-8.088136
2024-10-26 01:00:00,,-8.084128
2024-10-26 02:00:00,,-8.086120000000001
2024-10-26 03:00:00,,-8.087112000000001
2024-10-26 04:00:00,,-8.084104
2024-10-26 05:00:00,,-8.086096000000001
2024-10-26 06:00:00,,-8.093088
2024-10-26 07:00:00,,-8.09108
2024-10-26 08:00:00,,-8.093072000000001
2024-10-26 09:00:00,,-8.089063999999999
2024-10-26 10:00:00,,-8.093056
2024-10-26 11:00:00,,-8.087048000000001
2024-10-26 12:00:00,,-8.08504
2024-10-26 13:00:00,,-8.079032
2024-10-26 14:00:00,,-8.076023999999999
2024-10-26 15:00:00,,-8.077016
2024-10-26 16:00:00,,-8.075008
2024-10-26 17:00:00,,-8.078999999999999
2024-10-26 18:00:00,,-8.076992
2024-10-26 19:00:00,,-8.077984
2024-10-26 20:00:00,,-8.080976
2024-10-26 21:00:00,,-8.079968000000001
2024-10-26 22:00:00,,-8.08396
2024-10-26 23:00:00,,-8.081952
2024-10-27 00:00:00,,-8.082944000000001
2024-10-27 01:00:00,,-8.083936
2024-10-27 02:00:00,,-8.077928
2024-10-27 03:00:00,,-8.076920000000001
2024-10-27 04:00:00,,-8.080912
2024-10-27 05:00:00,,-8.086904
2024-10-27 06:00:00,,-8.087896
2024-10-27 07:00:00,,-8.087888
2024-10-27 08:00:00,,-8.092880000000001
2024-10-27 09:00:00,,-8.091871999999999
2024-10-27 10:00:00,,-8.092864
2024-10-27 11:00:00,,-8.086856000000001
2024-10-27 12:00:00,,-8.090848
2024-10-27 13:00:00,,-8.08684
2024-10-27 14:00:00,,-8.086832000000001
2024-10-27 15:00:00,,-8.079824
2024-10-27 16:00:00,,-8.084816
2024-10-27 17:00:00,,-8.081807999999999
2024-10-27 18:00:00,,-8.0838
2024-10-27 19:00:00,,-8.089792000000001
2024-10-27 20:00:00,,-8.092784
2024-10-27 21:00:00,,-8.092776
2024-10-27 22:00:00,,-8.095768000000001
2024-10-27 23:00:00,,-8.09276
2024-10-28 00:00:00,,-8.097752
2024-10-28 01:00:00,,-8.091743999999998
2024-10-28 02:00:00,,-8.084736
2024-10-28 03:00:00,,-8.086728
2024-10-28 04:00:00,,-8.091719999999999
2024-10-28 05:00:00,,-8.092712
2024-10-28 06:00:00,,-8.097704
2024-10-28 07:00:00,,-8.098696
2024-10-28 08:00:00,,-8.099688
2024-10-28 09:00:00,,-8.10468
2024-10-28 10:00:00,,-8.101671999999999
2024-10-28 11:00:00,,-8.100664
2024-10-28 12:00:00,,-8.089656
2024-10-28 13:00:00,,-8.095648
2024-10-28 14:00:00,,-8.092640000000001
2024-10-28 15:00:00,,-8.085632
2024-10-28 16:00:00,,-8.083624
2024-10-28 17:00:00,,-8.088616
2024-10-28 18:00:00,,-8.090608
2024-10-28 19:00:00,,-8.092600000000001
2024-10-28 20:00:00,,-8.101591999999998
2024-10-28 21:00:00,,-8.099584
2024-10-28 22:00:00,,-8.100576
2024-10-28 23:00:00,,-8.101567999999999
2024-10-29 00:00:00,,-8.09656
2024-10-29 01:00:00,,-8.095552000000001
2024-10-29 02:00:00,,-8.094543999999999
2024-10-29 03:00:00,,-8.092536
2024-10-29 04:00:00,,-8.095528
2024-10-29 05:00:00,,-8.09652
2024-10-29 06:00:00,,-8.097512
2024-10-29 07:00:00,,-8.104503999999999
2024-10-29 08:00:00,,-8.104496
2024-10-29 09:00:00,,-8.109488
2024-10-29 10:00:00,,-8.104479999999999
2024-10-29 11:00:00,,-8.105472
2024-10-29 12:00:00,,-8.098464000000002
2024-10-29 13:00:00,,-8.094456
2024-10-29 14:00:00,,-8.092448000000001
2024-10-29 15:00:00,,-8.08644
2024-10-29 16:00:00,,-8.086432
2024-10-29 17:00:00,,-8.092424000000001
2024-10-29 18:00:00,,-8.087416
2024-10-29 19:00:00,,-8.092408
2024-10-29 20:00:00,,-8.0974
2024-10-29 21:00:00,,-8.097392
2024-10-29 22:00:00,,-8.100384
2024-10-29 23:00:00,,-8.102376
2024-10-30 00:00:00,,-8.100368
2024-10-30 01:00:00,,-8.09636
2024-10-30 02:00:00,,-8.091351999999999
2024-10-30 03:00:00,,-8.091344
2024-10-30 04:00:00,,-8.089336000000001
2024-10-30 05:00:00,,-8.091327999999999
2024-10-30 06:00:00,,-8.08932
2024-10-30 07:00:00,,-8.090311999999999
2024-10-30 08:00:00,,-8.101303999999999
2024-10-30 09:00:00,,-8.097296
2024-10-30 10:00:00,,-8.100287999999999
2024-10-30 11:00:00,,-8.09128
2024-10-30 12:00:00,,-8.091272
2024-10-30 13:00:00,,-8.091263999999999
2024-10-30 14:00:00,,-8.084256
2024-10-30 15:00:00,,-8.083248000000001
2024-10-30 16:00:00,,-8.08024
2024-10-30 17:00:00,,-8.080232
2024-10-30 18:00:00,,-8.082224
2024-10-30 19:00:00,,-8.082216
2024-10-30 20:00:00,,-8.086208000000001
2024-10-30 21:00:00,,-8.088199999999999
2024-10-30 22:00:00,,-8.093192
2024-10-30 23:00:00,,-8.090184
2024-10-31 00:00:00,,-8.092176
2024-10-31 01:00:00,,-8.088168
2024-10-31 02:00:00,,-8.088159999999998
2024-10-31 03:00:00,,-8.082152
2024-10-31 04:00:00,,-8.083144
2024-10-31 05:00:00,,-8.085136
2024-10-31 06:00:00,,-8.086128
2024-10-31 07:00:00,,-8.09312
2024-10-31 08:00:00,,-8.100112
2024-10-31 09:00:00,,-8.096104
2024-10-31 10:00:00,,-8.093096
2024-10-31 11:00:00,,-8.090088
2024-10-31 12:00:00,,-8.09608
2024-10-31 13:00:00,,-8.089072
2024-10-31 14:00:00,,-8.081064
2024-10-31 15:00:00,,-8.080056
2024-10-31 16:00:00,,-8.077048
2024-10-31 17:00:00,,-8.07404
2024-10-31 18:00:00,,-8.081032
2024-10-31 19:00:00,,-8.077024
2024-10-31 20:00:00,,-8.083016
2024-10-31 21:00:00,,-8.087007999999999
2024-10-31 22:00:00,,-8.092
2024-10-31 23:00:00,,-8.092992
2024-11-01 00:00:00,,-8.092984
2024-11-01 01:00:00,,-8.090976
2024-11-01 02:00:00,,-8.087968
2024-11-01 03:00:00,,-8.08596
2024-11-01 04:00:00,,-8.085952
2024-11-01 05:00:00,,-8.087943999999998
2024-11-01 06:00:00,,-8.091936
2024-11-01 07:00:00,,-8.098928
2024-11-01 08:00:00,,-8.08492
2024-11-01 09:00:00,,-8.098912
2024-11-01 10:00:00,,-8.092904
2024-11-01 11:00:00,,-8.093895999999999
2024-11-01 12:00:00,,-8.095888
2024-11-01 13:00:00,,-8.087879999999998
2024-11-01 14:00:00,,-8.083872
2024-11-01 15:00:00,,-8.083864
2024-11-01 16:00:00,,-8.079856
2024-11-01 17:00:00,,-8.079848
2024-11-01 18:00:00,,-8.07684
2024-11-01 19:00:00,,-8.080832
2024-11-01 20:00:00,,-8.084824000000001
2024-11-01 21:00:00,,-8.087815999999998
2024-11-01 22:00:00,,-8.091808
2024-11-01 23:00:00,,-8.091800000000001
2024-11-02 00:00:00,,-8.091792
2024-11-02 01:00:00,,-8.092784
2024-11-02 02:00:00,,-8.090776
2024-11-02 03:00:00,,-8.085768
2024-11-02 04:00:00,,-8.08676
2024-11-02 05:00:00,,-8.090752
2024-11-02 06:00:00,,-8.091744
2024-11-02 07:00:00,,-8.095736
2024-11-02 08:00:00,,-8.097728
2024-11-02 09:00:00,,-8.09872
2024-11-02 10:00:00,,-8.095712
2024-11-02 11:00:00,,-8.098704
2024-11-02 12:00:00,,-8.094696
2024-11-02 13:00:00,,-8.092688
2024-11-02 14:00:00,,-8.090679999999999
2024-11-02 15:00:00,,-8.089672
2024-11-02 16:00:00,,-8.085664
2024-11-02 17:00:00,,-8.081656
2024-11-02 18:00:00,,-8.084648000000001
2024-11-02 19:00:00,,-8.08664
2024-11-02 20:00:00,,-8.088632
2024-11-02 21:00:00,,-8.092624
2024-11-02 22:00:00,,-8.090615999999999
2024-11-02 23:00:00,,-8.093608
2024-11-03 00:00:00,,-8.089599999999999
2024-11-03 01:00:00,,-8.090592
2024-11-03 02:00:00,,-8.091584000000001
2024-11-03 03:00:00,,-8.085576
2024-11-03 04:00:00,,-8.083568
2024-11-03 05:00:00,,-8.088560000000001
2024-11-03 06:00:00,,-8.090551999999999
2024-11-03 07:00:00,,-8.091544
2024-11-03 08:00:00,,-8.095536000000001
2024-11-03 09:00:00,,-8.100527999999999
2024-11-03 10:00:00,,-8.09852
2024-11-03 11:00:00,,-8.098512
2024-11-03 12:00:00,,-8.096504
2024-11-03 13:00:00,,-8.090496
2024-11-03 14:00:00,,-8.088488
2024-11-03 15:00:00,,-8.084480000000001
2024-11-03 16:00:00,,-8.085472000000001
2024-11-03 17:00:00,,-8.085464
2024-11-03 18:00:00,,-8.085456
2024-11-03 19:00:00,,-8.079448
2024-11-03 20:00:00,,-8.087439999999999
2024-11-03 21:00:00,,-8.088432000000001
2024-11-03 22:00:00,,-8.095424
2024-11-03 23:00:00,,-8.092416
2024-11-04 00:00:00,,-8.094408000000001
2024-11-04 01:00:00,,-8.093399999999999
2024-11-04 02:00:00,,-8.087392
2024-11-04 03:00:00,,-8.093383999999999
2024-11-04 04:00:00,,-8.091376
2024-11-04 05:00:00,,-8.090368
2024-11-04 06:00:00,,-8.096359999999999
2024-11-04 07:00:00,,-8.097352
2024-11-04 08:00:00,,-8.099344
2024-11-04 09:00:00,,-8.102336
2024-11-04 10:00:00,,-8.103328
2024-11-04 11:00:00,,-8.10332
2024-11-04 12:00:00,,-8.105312
2024-11-04 13:00:00,,-8.097304000000001
2024-11-04 14:00:00,,-8.097296
2024-11-04 15:00:00,,-8.091288
2024-11-04 16:00:00,,-8.08928
2024-11-04 17:00:00,,-8.084272
2024-11-04 18:00:00,,-8.088264
2024-11-04 19:00:00,,-8.087256
2024-11-04 20:00:00,,-8.090247999999999
2024-11-04 21:00:00,,-8.08924
2024-11-04 22:00:00,,-8.093231999999999
2024-11-04 23:00:00,,-8.094224
2024-11-05 00:00:00,,-8.095216
2024-11-05 01:00:00,,-8.092208
2024-11-05 02:00:00,,-8.0922
2024-11-05 03:00:00,,-8.095192
2024-11-05 04:00:00,,-8.092184
2024-11-05 05:00:00,,-8.089176
2024-11-05 06:00:00,,-8.094168
2024-11-05 07:00:00,,-8.100159999999999
2024-11-05 08:00:00,,-8.099152
2024-11-05 09:00:00,,-8.097144
2024-11-05 10:00:00,,-8.100136
2024-11-05 11:00:00,,-8.102128
2024-11-05 12:00:00,,-8.100119999999999
2024-11-05 13:00:00,,-8.090112
2024-11-05 14:00:00,,-8.092104
2024-11-05 15:00:00,,-8.090095999999999
2024-11-05 16:00:00,,-8.087088
2024-11-05 17:00:00,,-8.08508
2024-11-05 18:00:00,,-8.086072
2024-11-05 19:00:00,,-8.089064
2024-11-05 20:00:00,,-8.089056
2024-11-05 21:00:00,,-8.088048
2024-11-05 22:00:00,,-8.09204
2024-11-05 23:00:00,,-8.095032
2024-11-06 00:00:00,,-8.094024000000001
2024-11-06 01:00:00,,-8.096015999999999
2024-11-06 02:00:00,,-8.094008
2024-11-06 03:00:00,,-8.085
2024-11-06 04:00:00,,-8.094992
2024-11-06 05:00:00,,-8.095984
2024-11-06 06:00:00,,-8.100976000000001
2024-11-06 07:00:00,,-8.112968
2024-11-06 08:00:00,,-8.10296
2024-11-06 09:00:00,,-8.097952
2024-11-06 10:00:00,,-8.100944
2024-11-06 11:00:00,,-8.098936
2024-11-06 12:00:00,,-8.093928
2024-11-06 13:00:00,,-8.09092
2024-11-06 14:00:00,,-8.092912
2024-11-06 15:00:00,,-8.093904
2024-11-06 16:00:00,,-8.085896
2024-11-06 17:00:00,,-8.091888
2024-11-06 18:00:00,,-8.09288
2024-11-06 19:00:00,,-8.088872
2024-11-06 20:00:00,,-8.093864
2024-11-06 21:00:00,,-8.095856
2024-11-06 22:00:00,,-8.097848
2024-11-06 23:00:00,,-8.09684
2024-11-07 00:00:00,,-8.095832
2024-11-07 01:00:00,,-8.088824
2024-11-07 02:00:00,,-8.092816
2024-11-07 03:00:00,,-8.092808
2024-11-07 04:00:00,,-8.1068
2024-11-07 05:00:00,,-8.104792
2024-11-07 06:00:00,,-8.115784
2024-11-07 07:00:00,,-8.100776
2024-11-07 08:00:00,,-8.109768
2024-11-07 09:00:00,,-8.10476
2024-11-07 10:00:00,,-8.103752
2024-11-07 11:00:00,,-8.102744
2024-11-07 12:00:00,,-8.113736
2024-11-07 13:00:00,,-8.111728
2024-11-07 14:00:00,,-8.09572
2024-11-07 15:00:00,,-8.099711999999998
2024-11-07 16:00:00,,-8.089704
2024-11-07 17:00:00,,-8.084696000000001
2024-11-07 18:00:00,,-8.093688
2024-11-07 19:00:00,,-8.09368
2024-11-07 20:00:00,,-8.098672
2024-11-07 21:00:00,,-8.095664
2024-11-07 22:00:00,,-8.100656
2024-11-07 23:00:00,,-8.100648
2024-11-08 00:00:00,,-8.09564
2024-11-08 01:00:00,,-8.095632
2024-11-08 02:00:00,,-8.095623999999999
2024-11-08 03:00:00,,-8.094616
2024-11-08 04:00:00,,-8.099608
2024-11-08 05:00:00,,-8.1016
2024-11-08 06:00:00,,-8.093592000000001
2024-11-08 07:00:00,,-8.099583999999998
2024-11-08 08:00:00,,-8.100576
2024-11-08 09:00:00,,-8.105568
2024-11-08 10:00:00,,-8.10156
2024-11-08 11:00:00,,-8.104552
2024-11-08 12:00:00,,-8.102544
2024-11-08 13:00:00,,-8.096536
2024-11-08 14:00:00,,-8.094528
2024-11-08 15:00:00,,-8.09452
2024-11-08 16:00:00,,-8.092512
2024-11-08 17:00:00,,-8.092504
2024-11-08 18:00:00,,-8.090496
2024-11-08 19:00:00,,-8.094488
2024-11-08 20:00:00,,-8.09148
2024-11-08 21:00:00,,-8.095472
2024-11-08 22:00:00,,-8.095464
2024-11-08 23:00:00,,-8.096456000000002
2024-11-09 00:00:00,,-8.094448
2024-11-09 01:00:00,,-8.096440000000001
2024-11-09 02:00:00,,-8.089431999999999
2024-11-09 03:00:00,,-8.093424
2024-11-09 04:00:00,,-8.091416
2024-11-09 05:00:00,,-8.094408
2024-11-09 06:00:00,,-8.0944
2024-11-09 07:00:00,,-8.097392000000001
2024-11-09 08:00:00,,-8.100384
2024-11-09 09:00:00,,-8.096376000000001
2024-11-09 10:00:00,,-8.096368
2024-11-09 11:00:00,,-8.09736
2024-11-09 12:00:00,,-8.093352000000001
2024-11-09 13:00:00,,-8.091344
2024-11-09 14:00:00,,-8.089336
2024-11-09 15:00:00,,-8.104328
2024-11-09 16:00:00,,-8.10132
2024-11-09 17:00:00,,-8.106312
2024-11-09 18:00:00,,-8.110304
2024-11-09 19:00:00,,-8.111296
2024-11-09 20:00:00,,-8.115288
2024-11-09 21:00:00,,-8.115279999999998
2024-11-09 22:00:00,,-8.118272
2024-11-09 23:00:00,,-8.105264
2024-11-10 00:00:00,,-8.103256
2024-11-10 01:00:00,,-8.094248
2024-11-10 02:00:00,,-8.10824
2024-11-10 03:00:00,,-8.102231999999999
2024-11-10 04:00:00,,-8.102224
2024-11-10 05:00:00,,-8.101215999999999
2024-11-10 06:00:00,,-8.103208
2024-11-10 07:00:00,,-8.1052
2024-11-10 08:00:00,,-8.104192
2024-11-10 09:00:00,,-8.103184
2024-11-10 10:00:00,,-8.108176
2024-11-10 11:00:00,,-8.102167999999999
2024-11-10 12:00:00,,-8.10216
2024-11-10 13:00:00,,-8.095151999999999
2024-11-10 14:00:00,,-8.096144
2024-11-10 15:00:00,,-8.091136
2024-11-10 16:00:00,,-8.090128
2024-11-10 17:00:00,,-8.09112
2024-11-10 18:00:00,,-8.091112
2024-11-10 19:00:00,,-8.089103999999999
2024-11-10 20:00:00,,-8.102096
2024-11-10 21:00:00,,-8.103088
2024-11-10 22:00:00,,-8.102079999999999
2024-11-10 23:00:00,,-8.099072
2024-11-11 00:00:00,,-8.100064
2024-11-11 01:00:00,,-8.099056
2024-11-11 02:00:00,,-8.097048000000001
2024-11-11 03:00:00,,-8.10704
2024-11-11 04:00:00,,-8.110032
2024-11-11 05:00:00,,-8.098024
2024-11-11 06:00:00,,-8.103016
2024-11-11 07:00:00,,-8.114008
2024-11-11 08:00:00,,-8.110999999999999
2024-11-11 09:00:00,,-8.105992
2024-11-11 10:00:00,,-8.100984
2024-11-11 11:00:00,,-8.099976
2024-11-11 12:00:00,,-8.097968
2024-11-11 13:00:00,,-8.086960000000001
2024-11-11 14:00:00,,-8.082952
2024-11-11 15:00:00,,-8.086944
2024-11-11 16:00:00,,-8.086936
2024-11-11 17:00:00,,-8.084928
2024-11-11 18:00:00,,-8.08592
2024-11-11 19:00:00,,-8.092912
2024-11-11 20:00:00,,-8.096904
2024-11-11 21:00:00,,-8.097896
2024-11-11 22:00:00,,-8.098887999999999
2024-11-11 23:00:00,,-8.09688
2024-11-12 00:00:00,,-8.090872
2024-11-12 01:00:00,,-8.092864
2024-11-12 02:00:00,,-8.091856
2024-11-12 03:00:00,,-8.089848
2024-11-12 04:00:00,,-8.09184
2024-11-12 05:00:00,,-8.106832
2024-11-12 06:00:00,,-8.095824
2024-11-12 07:00:00,,-8.101816
2024-11-12 08:00:00,,-8.102808
2024-11-12 09:00:00,,-8.1068
2024-11-12 10:00:00,,-8.108792000000001
2024-11-12 11:00:00,,-8.107783999999999
2024-11-12 12:00:00,,-8.108776
2024-11-12 13:00:00,,-8.105768000000001
2024-11-12 14:00:00,,-8.10076
2024-11-12 15:00:00,,-8.103752
2024-11-12 16:00:00,,-8.095744000000002
2024-11-12 17:00:00,,-8.093736
2024-11-12 18:00:00,,-8.094728
2024-11-12 19:00:00,,-8.094719999999999
2024-11-12 20:00:00,,-8.093712
2024-11-12 21:00:00,,-8.099704000000001
2024-11-12 22:00:00,,-8.098695999999999
2024-11-12 23:00:00,,-8.103688
2024-11-13 00:00:00,,-8.10468
2024-11-13 01:00:00,,-8.100672
2024-11-13 02:00:00,,-8.095664000000001
2024-11-13 03:00:00,,-8.096656
2024-11-13 04:00:00,,-8.091648
2024-11-13 05:00:00,,-8.092640000000001
2024-11-13 06:00:00,,-8.095632
2024-11-13 07:00:00,,-8.102624
2024-11-13 08:00:00,,-8.107616
2024-11-13 09:00:00,,-8.110608
2024-11-13 10:00:00,,-8.1066
2024-11-13 11:00:00,,-8.106592
2024-11-13 12:00:00,,-8.103584
2024-11-13 13:00:00,,-8.098576
2024-11-13 14:00:00,,-8.097567999999999
2024-11-13 15:00:00,,-8.08856
2024-11-13 16:00:00,,-8.090552
2024-11-13 17:00:00,,-8.092544
2024-11-13 18:00:00,,-8.098536
2024-11-13 19:00:00,,-8.100528
2024-11-13 20:00:00,,-8.10352
2024-11-13 21:00:00,,-8.105512000000001
2024-11-13 22:00:00,,-8.106504
2024-11-13 23:00:00,,-8.108496
2024-11-14 00:00:00,,-8.102488000000001
2024-11-14 01:00:00,,-8.10048
2024-11-14 02:00:00,,-8.100472
2024-11-14 03:00:00,,-8.099464000000001
2024-11-14 04:00:00,,-8.100456
2024-11-14 05:00:00,,-8.103448
2024-11-14 06:00:00,,-8.10544
2024-11-14 07:00:00,,-8.103432
2024-11-14 08:00:00,,-8.112424
2024-11-14 09:00:00,,-8.115416
2024-11-14 10:00:00,,-8.106408
2024-11-14 11:00:00,,-8.1074
2024-11-14 12:00:00,,-8.108392
2024-11-14 13:00:00,,-8.101384
2024-11-14 14:00:00,,-8.096376
2024-11-14 15:00:00,,-8.090368
2024-11-14 16:00:00,,-8.092360000000001
2024-11-14 17:00:00,,-8.093352
2024-11-14 18:00:00,,-8.090344
2024-11-14 19:00:00,,-8.100336
2024-11-14 20:00:00,,-8.103328
2024-11-14 21:00:00,,-8.10032
2024-11-14 22:00:00,,-8.110312
2024-11-14 23:00:00,,-8.109304
2024-11-15 00:00:00,,-8.109296
2024-11-15 01:00:00,,-8.109288
2024-11-15 02:00:00,,-8.098279999999999
2024-11-15 03:00:00,,-8.098272
2024-11-15 04:00:00,,-8.098263999999999
2024-11-15 05:00:00,,-8.097256
2024-11-15 06:00:00,,-8.103248
2024-11-15 07:00:00,,-8.10524
2024-11-15 08:00:00,,-8.106232
2024-11-15 09:00:00,,-8.110223999999999
2024-11-15 10:00:00,,-8.108216
2024-11-15 11:00:00,,-8.108208000000001
2024-11-15 12:00:00,,-8.101199999999999
2024-11-15 13:00:00,,-8.099192
2024-11-15 14:00:00,,-8.091184
2024-11-15 15:00:00,,-8.090176
2024-11-15 16:00:00,,-8.085168
2024-11-15 17:00:00,,-8.087159999999999
2024-11-15 18:00:00,,-8.083152
2024-11-15 19:00:00,,-8.090144
2024-11-15 20:00:00,,-8.097135999999999
2024-11-15 21:00:00,,-8.095128
2024-11-15 22:00:00,,-8.09712
2024-11-15 23:00:00,,-8.099112
2024-11-16 00:00:00,,-8.099104
2024-11-16 01:00:00,,-8.096096000000001
2024-11-16 02:00:00,,-8.090088
2024-11-16 03:00:00,,-8.09008
2024-11-16 04:00:00,,-8.086072
2024-11-16 05:00:00,,-8.090064
2024-11-16 06:00:00,,-8.094056
2024-11-16 07:00:00,,-8.092048
2024-11-16 08:00:00,,-8.09804
2024-11-16 09:00:00,,-8.102032000000001
2024-11-16 10:00:00,,-8.100024
2024-11-16 11:00:00,,-8.102016
2024-11-16 12:00:00,,-8.094007999999999
2024-11-16 13:00:00,,-8.096
2024-11-16 14:00:00,,-8.089992
2024-11-16 15:00:00,,-8.085984
2024-11-16 16:00:00,,-8.087976
2024-11-16 17:00:00,,-8.084968
2024-11-16 18:00:00,,-8.08396
2024-11-16 19:00:00,,-8.087952
2024-11-16 20:00:00,,-8.090943999999999
2024-11-16 21:00:00,,-8.093936
2024-11-16 22:00:00,,-8.097928
2024-11-16 23:00:00,,-8.09592
2024-11-17 00:00:00,,-8.095912
2024-11-17 01:00:00,,-8.093904
2024-11-17 02:00:00,,-8.092896
2024-11-17 03:00:00,,-8.086888
2024-11-17 04:00:00,,-8.08988
2024-11-17 05:00:00,,-8.093872
2024-11-17 06:00:00,,-8.093864
2024-11-17 07:00:00,,-8.101856
2024-11-17 08:00:00,,-8.106848
2024-11-17 09:00:00,,-8.10884
2024-11-17 10:00:00,,-8.106831999999999
2024-11-17 11:00:00,,-8.111824
2024-11-17 12:00:00,,-8.105816
2024-11-17 13:00:00,,-8.104808
2024-11-17 14:00:00,,-8.1038
2024-11-17 15:00:00,,-8.102791999999999
2024-11-17 16:00:00,,-8.099784
2024-11-17 17:00:00,,-8.095776
2024-11-17 18:00:00,,-8.094768
2024-11-17 19:00:00,,-8.09776
2024-11-17 20:00:00,,-8.090752
2024-11-17 21:00:00,,-8.104744
2024-11-17 22:00:00,,-8.111736
2024-11-17 23:00:00,,-8.107728
2024-11-18 00:00:00,,-8.10772
2024-11-18 01:00:00,,-8.113712
2024-11-18 02:00:00,,-8.104704
2024-11-18 03:00:00,,-8.100696
2024-11-18 04:00:00,,-8.101688000000001
2024-11-18 05:00:00,,-8.103679999999999
2024-11-18 06:00:00,,-8.106672
2024-11-18 07:00:00,,-8.108664000000001
2024-11-18 08:00:00,,-8.104656
2024-11-18 09:00:00,,-8.111648
2024-11-18 10:00:00,,-8.11464
2024-11-18 11:00:00,,-8.108632
2024-11-18 12:00:00,,-8.109624
2024-11-18 13:00:00,,-8.103615999999999
2024-11-18 14:00:00,,-8.099608
2024-11-18 15:00:00,,-8.1026
2024-11-18 16:00:00,,-8.098592
2024-11-18 17:00:00,,-8.096584
2024-11-18 18:00:00,,-8.096575999999999
2024-11-18 19:00:00,,-8.094568
2024-11-18 20:00:00,,-8.094560000000001
2024-11-18 21:00:00,,-8.101552
2024-11-18 22:00:00,,-8.102544
2024-11-18 23:00:00,,-8.104536000000001
2024-11-19 00:00:00,,-8.104528
2024-11-19 01:00:00,,-8.10352
2024-11-19 02:00:00,,-8.101512
2024-11-19 03:00:00,,-8.103504
2024-11-19 04:00:00,,-8.102496
2024-11-19 05:00:00,,-8.103487999999999
2024-11-19 06:00:00,,-8.10648
2024-11-19 07:00:00,,-8.110472000000001
2024-11-19 08:00:00,,-8.109464
2024-11-19 09:00:00,,-8.112456
2024-11-19 10:00:00,,-8.108448000000001
2024-11-19 11:00:00,,-8.10744
2024-11-19 12:00:00,,-8.103432
2024-11-19 13:00:00,,-8.104424
2024-11-19 14:00:00,,-8.100416
2024-11-19 15:00:00,,-8.099408
2024-11-19 16:00:00,,-8.097399999999999
2024-11-19 17:00:00,,-8.093392
2024-11-19 18:00:00,,-8.092384000000001
2024-11-19 19:00:00,,-8.094376
2024-11-19 20:00:00,,-8.095368
2024-11-19 21:00:00,,-8.09536
2024-11-19 22:00:00,,-8.097351999999999
2024-11-19 23:00:00,,-8.098344
2024-11-20 00:00:00,,-8.100335999999999
2024-11-20 01:00:00,,-8.100328
2024-11-20 02:00:00,,-8.09932
2024-11-20 03:00:00,,-8.103311999999999
2024-11-20 04:00:00,,-8.099304
2024-11-20 05:00:00,,-8.106295999999999
2024-11-20 06:00:00,,-8.103288
2024-11-20 07:00:00,,-8.104280000000001
2024-11-20 08:00:00,,-8.106271999999999
2024-11-20 09:00:00,,-8.109264
2024-11-20 10:00:00,,-8.106256
2024-11-20 11:00:00,,-8.103247999999999
2024-11-20 12:00:00,,-8.10524
2024-11-20 13:00:00,,-8.099232
2024-11-20 14:00:00,,-8.095224
2024-11-20 15:00:00,,-8.097216
2024-11-20 16:00:00,,-8.090207999999999
2024-11-20 17:00:00,,-8.0922
2024-11-20 18:00:00,,-8.088192000000001
2024-11-20 19:00:00,,-8.091184
2024-11-20 20:00:00,,-8.092176
2024-11-20 21:00:00,,-8.098168000000001
2024-11-20 22:00:00,,-8.097159999999999
2024-11-20 23:00:00,,-8.097152
2024-11-21 00:00:00,,-8.096143999999999
2024-11-21 01:00:00,,-8.095136
2024-11-21 02:00:00,,-8.096128
2024-11-21 03:00:00,,-8.096119999999999
2024-11-21 04:00:00,,-8.093112
2024-11-21 05:00:00,,-8.099104
2024-11-21 06:00:00,,-8.099096
2024-11-21 07:00:00,,-8.104088
2024-11-21 08:00:00,,-8.102079999999999
2024-11-21 09:00:00,,-8.099072
2024-11-21 10:00:00,,-8.104064000000001
2024-11-21 11:00:00,,-8.100055999999999
2024-11-21 12:00:00,,-8.100048
2024-11-21 13:00:00,,-8.098040000000001
2024-11-21 14:00:00,,-8.092032
2024-11-21 15:00:00,,-8.092024
2024-11-21 16:00:00,,-8.097016
2024-11-21 17:00:00,,-8.091008
2024-11-21 18:00:00,,-8.096
2024-11-21 19:00:00,,-8.092991999999999
2024-11-21 20:00:00,,-8.097984
2024-11-21 21:00:00,,-8.092976
2024-11-21 22:00:00,,-8.092967999999999
2024-11-21 23:00:00,,-8.09996
2024-11-22 00:00:00,,-8.096952
2024-11-22 01:00:00,,-8.094944
2024-11-22 02:00:00,,-8.099936
2024-11-22 03:00:00,,-8.094928
2024-11-22 04:00:00,,-8.096919999999999
2024-11-22 05:00:00,,-8.103912000000001
2024-11-22 06:00:00,,-8.096903999999999
2024-11-22 07:00:00,,-8.102896
2024-11-22 08:00:00,,-8.100888000000001
2024-11-22 09:00:00,,-8.10188
2024-11-22 10:00:00,,-8.099872
2024-11-22 11:00:00,,-8.100864
2024-11-22 12:00:00,,-8.098856
2024-11-22 13:00:00,,-8.095848
2024-11-22 14:00:00,,-8.09784
2024-11-22 15:00:00,,-8.094832
2024-11-22 16:00:00,,-8.097824000000001
2024-11-22 17:00:00,,-8.094816
2024-11-22 18:00:00,,-8.095808
2024-11-22 19:00:00,,-8.0958
2024-11-22 20:00:00,,-8.097792
2024-11-22 21:00:00,,-8.104784
2024-11-22 22:00:00,,-8.104776
2024-11-22 23:00:00,,-8.102768
2024-11-23 00:00:00,,-8.10176
2024-11-23 01:00:00,,-8.103752
2024-11-23 02:00:00,,-8.094744
2024-11-23 03:00:00,,-8.095736
2024-11-23 04:00:00,,-8.095728
2024-11-23 05:00:00,,-8.09572
2024-11-23 06:00:00,,-8.094712
2024-11-23 07:00:00,,-8.094704
2024-11-23 08:00:00,,-8.101696
2024-11-23 09:00:00,,-8.101688
2024-11-23 10:00:00,,-8.10668
2024-11-23 11:00:00,,-8.102672
2024-11-23 12:00:00,,-8.096663999999999
2024-11-23 13:00:00,,-8.097656
2024-11-23 14:00:00,,-8.104648
2024-11-23 15:00:00,,-8.10864
2024-11-23 16:00:00,,-8.092632
2024-11-23 17:00:00,,-8.094624
2024-11-23 18:00:00,,-8.117616
2024-11-23 19:00:00,,-8.120608
2024-11-23 20:00:00,,-8.1276
2024-11-23 21:00:00,,-8.113592
2024-11-23 22:00:00,,-8.108584
2024-11-23 23:00:00,,-8.110576
2024-11-24 00:00:00,,-8.112568
2024-11-24 01:00:00,,-8.10456
2024-11-24 02:00:00,,-8.102552
2024-11-24 03:00:00,,-8.097544000000001
2024-11-24 04:00:00,,-8.091536
2024-11-24 05:00:00,,-8.096528
2024-11-24 06:00:00,,-8.107520000000001
2024-11-24 07:00:00,,-8.107512
2024-11-24 08:00:00,,-8.106504000000001
2024-11-24 09:00:00,,-8.108495999999999
2024-11-24 10:00:00,,-8.106488
2024-11-24 11:00:00,,-8.10748
2024-11-24 12:00:00,,-8.099471999999999
2024-11-24 13:00:00,,-8.098464
2024-11-24 14:00:00,,-8.097456000000001
2024-11-24 15:00:00,,-8.094448
2024-11-24 16:00:00,,-8.09844
2024-11-24 17:00:00,,-8.097432
2024-11-24 18:00:00,,-8.097424
2024-11-24 19:00:00,,-8.100416000000001
2024-11-24 20:00:00,,-8.093408
2024-11-24 21:00:00,,-8.1014
2024-11-24 22:00:00,,-8.101392
2024-11-24 23:00:00,,-8.106384
2024-11-25 00:00:00,,-8.103376
2024-11-25 01:00:00,,-8.102367999999998
2024-11-25 02:00:00,,-8.09236
2024-11-25 03:00:00,,-8.101352
2024-11-25 04:00:00,,-8.097344
2024-11-25 05:00:00,,-8.100336
2024-11-25 06:00:00,,-8.105328
2024-11-25 07:00:00,,-8.102319999999999
2024-11-25 08:00:00,,-8.103312
2024-11-25 09:00:00,,-8.101304
2024-11-25 10:00:00,,-8.107296
2024-11-25 11:00:00,,-8.104288
2024-11-25 12:00:00,,-8.098279999999999
2024-11-25 13:00:00,,-8.092272
2024-11-25 14:00:00,,-8.089264
2024-11-25 15:00:00,,-8.093256
2024-11-25 16:00:00,,-8.089248
2024-11-25 17:00:00,,-8.084240000000001
2024-11-25 18:00:00,,-8.094232
2024-11-25 19:00:00,,-8.099224
2024-11-25 20:00:00,,-8.094216
2024-11-25 21:00:00,,-8.095208
2024-11-25 22:00:00,,-8.0982
2024-11-25 23:00:00,,-8.098192
2024-11-26 00:00:00,,-8.097184
2024-11-26 01:00:00,,-8.098176
2024-11-26 02:00:00,,-8.093168
2024-11-26 03:00:00,,-8.09516
2024-11-26 04:00:00,,-8.095151999999999
2024-11-26 05:00:00,,-8.094144
2024-11-26 06:00:00,,-8.092136
2024-11-26 07:00:00,,-8.101128
2024-11-26 08:00:00,,-8.10512
2024-11-26 09:00:00,,-8.108112
2024-11-26 10:00:00,,-8.103104
2024-11-26 11:00:00,,-8.104096
2024-11-26 12:00:00,,-8.100088000000001
2024-11-26 13:00:00,,-8.096079999999999
2024-11-26 14:00:00,,-8.117072
2024-11-26 15:00:00,,-8.091064
2024-11-26 16:00:00,,-8.101056
2024-11-26 17:00:00,,-8.087048000000001
2024-11-26 18:00:00,,-8.09004
2024-11-26 19:00:00,,-8.093032000000001
2024-11-26 20:00:00,,-8.098024
2024-11-26 21:00:00,,-8.100016
2024-11-26 22:00:00,,-8.099008
2024-11-26 23:00:00,,-8.104
2024-11-27 00:00:00,,-8.101992
2024-11-27 01:00:00,,-8.100984
2024-11-27 02:00:00,,-8.096976
2024-11-27 03:00:00,,-8.094968
2024-11-27 04:00:00,,-8.086960000000001
2024-11-27 05:00:00,,-8.094952
2024-11-27 06:00:00,,-8.099944
2024-11-27 07:00:00,,-8.105936
2024-11-27 08:00:00,,-8.109928
2024-11-27 09:00:00,,-8.105920000000001
2024-11-27 10:00:00,,-8.109912
2024-11-27 11:00:00,,-8.107904
2024-11-27 12:00:00,,-8.108896000000001
2024-11-27 13:00:00,,-8.107887999999999
2024-11-27 14:00:00,,-8.09888
2024-11-27 15:00:00,,-8.088872
2024-11-27 16:00:00,,-8.070864
2024-11-27 17:00:00,,-8.085856
2024-11-27 18:00:00,,-8.086848
2024-11-27 19:00:00,,-8.08984
2024-11-27 20:00:00,,-8.096832000000001
2024-11-27 21:00:00,,-8.100824
2024-11-27 22:00:00,,-8.103816
2024-11-27 23:00:00,,-8.105808000000001
2024-11-28 00:00:00,,-8.1028
2024-11-28 01:00:00,,-8.099792
2024-11-28 02:00:00,,-8.095783999999998
2024-11-28 03:00:00,,-8.094776
2024-11-28 04:00:00,,-8.095768
2024-11-28 05:00:00,,-8.10276
2024-11-28 06:00:00,,-8.107752
2024-11-28 07:00:00,,-8.106744
2024-11-28 08:00:00,,-8.108736
2024-11-28 09:00:00,,-8.115728
2024-11-28 10:00:00,,-8.10872
2024-11-28 11:00:00,,-8.106712
2024-11-28 12:00:00,,-8.101704
2024-11-28 13:00:00,,-8.104695999999999
2024-11-28 14:00:00,,-8.101688
2024-11-28 15:00:00,,-8.09568
2024-11-28 16:00:00,,-8.093672
2024-11-28 17:00:00,,-8.089664
2024-11-28 18:00:00,,-8.094656
2024-11-28 19:00:00,,-8.098647999999999
2024-11-28 20:00:00,,-8.09964
2024-11-28 21:00:00,,-8.099632
2024-11-28 22:00:00,,-8.109624
2024-11-28 23:00:00,,-8.115616000000001
2024-11-29 00:00:00,,-8.111607999999999
2024-11-29 01:00:00,,-8.1096
2024-11-29 02:00:00,,-8.099592000000001
2024-11-29 03:00:00,,-8.101583999999999
2024-11-29 04:00:00,,-8.101576
2024-11-29 05:00:00,,-8.099568
2024-11-29 06:00:00,,-8.09756
2024-11-29 07:00:00,,-8.108552000000001
2024-11-29 08:00:00,,-8.105544
2024-11-29 09:00:00,,-8.108536
2024-11-29 10:00:00,,-8.109528000000001
2024-11-29 11:00:00,,-8.10752
2024-11-29 12:00:00,,-8.105512000000001
2024-11-29 13:00:00,,-8.100503999999999
2024-11-29 14:00:00,,-8.098495999999999
2024-11-29 15:00:00,,-8.088488
2024-11-29 16:00:00,,-8.088479999999999
2024-11-29 17:00:00,,-8.089472
2024-11-29 18:00:00,,-8.087464
2024-11-29 19:00:00,,-8.092456
2024-11-29 20:00:00,,-8.092448000000001
2024-11-29 21:00:00,,-8.096440000000001
2024-11-29 22:00:00,,-8.101431999999999
2024-11-29 23:00:00,,-8.107424
2024-11-30 00:00:00,,-8.098415999999999
2024-11-30 01:00:00,,-8.099408
2024-11-30 02:00:00,,-8.1004
2024-11-30 03:00:00,,-8.095391999999999
2024-11-30 04:00:00,,-8.094384
2024-11-30 05:00:00,,-8.096376000000001
2024-11-30 06:00:00,,-8.095367999999999
2024-11-30 07:00:00,,-8.10436
2024-11-30 08:00:00,,-8.100351999999999
2024-11-30 09:00:00,,-8.106344
2024-11-30 10:00:00,,-8.102336000000001
2024-11-30 11:00:00,,-8.102328
2024-11-30 12:00:00,,-8.09932
2024-11-30 13:00:00,,-8.097312
2024-11-30 14:00:00,,-8.091304
2024-11-30 15:00:00,,-8.087296
2024-11-30 16:00:00,,-8.089288
2024-11-30 17:00:00,,-8.08328
2024-11-30 18:00:00,,-8.084272
2024-11-30 19:00:00,,-8.086264
2024-11-30 20:00:00,,-8.093256
2024-11-30 21:00:00,,-8.093248
2024-11-30 22:00:00,,-8.08724
2024-11-30 23:00:00,,-8.096232
2024-12-01 00:00:00,,-8.097224
2024-12-01 01:00:00,,-8.092216
2024-12-01 02:00:00,,-8.092208000000001
2024-12-01 03:00:00,,-8.0872
2024-12-01 04:00:00,,-8.089192
2024-12-01 05:00:00,,-8.092184000000001
2024-12-01 06:00:00,,-8.089176
2024-12-01 07:00:00,,-8.095168
2024-12-01 08:00:00,,-8.096160000000001
2024-12-01 09:00:00,,-8.100152
2024-12-01 10:00:00,,-8.098144
2024-12-01 11:00:00,,-8.098135999999998
2024-12-01 12:00:00,,-8.098127999999999
2024-12-01 13:00:00,,-8.09112
2024-12-01 14:00:00,,-8.091111999999999
2024-12-01 15:00:00,,-8.086104
2024-12-01 16:00:00,,-8.085096
2024-12-01 17:00:00,,-8.078088
2024-12-01 18:00:00,,-8.08208
2024-12-01 19:00:00,,-8.082071999999998
2024-12-01 20:00:00,,-8.086064
2024-12-01 21:00:00,,-8.088056
2024-12-01 22:00:00,,-8.087048
2024-12-01 23:00:00,,-8.11704
2024-12-02 00:00:00,,-8.083032000000001
2024-12-02 01:00:00,,-8.079024
2024-12-02 02:00:00,,-8.081016
2024-12-02 03:00:00,,-8.097008
2024-12-02 04:00:00,,-8.08
2024-12-02 05:00:00,,-8.086992
2024-12-02 06:00:00,,-8.085984
2024-12-02 07:00:00,,-8.089976
2024-12-02 08:00:00,,-8.092968
2024-12-02 09:00:00,,-8.09296
2024-12-02 10:00:00,,-8.087952
2024-12-02 11:00:00,,-8.108944000000001
2024-12-02 12:00:00,,-8.070936
2024-12-02 13:00:00,,-8.088928000000001
2024-12-02 14:00:00,,-8.08292
2024-12-02 15:00:00,,-8.077912
2024-12-02 16:00:00,,-8.083904
2024-12-02 17:00:00,,-8.076896
2024-12-02 18:00:00,,-8.076888
2024-12-02 19:00:00,,-8.085880000000001
2024-12-02 20:00:00,,-8.077872
2024-12-02 21:00:00,,-8.104864000000001
2024-12-02 22:00:00,,-8.081855999999998
2024-12-02 23:00:00,,-8.087848
2024-12-03 00:00:00,,-8.07384
2024-12-03 01:00:00,,-8.089832
2024-12-03 02:00:00,,-8.091824
2024-12-03 03:00:00,,-8.087816
2024-12-03 04:00:00,,-8.077808
2024-12-03 05:00:00,,-8.0798
2024-12-03 06:00:00,,-8.081792
2024-12-03 07:00:00,,-8.084783999999999
2024-12-03 08:00:00,,-8.087776
2024-12-03 09:00:00,,-8.085768
2024-12-03 10:00:00,,-8.08576
2024-12-03 11:00:00,,-8.087752
2024-12-03 12:00:00,,-8.086744
2024-12-03 13:00:00,,-8.082736
2024-12-03 14:00:00,,-8.082728000000001
2024-12-03 15:00:00,,-8.07572
2024-12-03 16:00:00,,-8.073712
2024-12-03 17:00:00,,-8.074703999999999
2024-12-03 18:00:00,,-8.071696
2024-12-03 19:00:00,,-8.078688000000001
2024-12-03 20:00:00,,-8.077679999999999
2024-12-03 21:00:00,,-8.079672
2024-12-03 22:00:00,,-8.076664000000001
2024-12-03 23:00:00,,-8.076656
2024-12-04 00:00:00,,-8.080648
2024-12-04 01:00:00,,-8.09164
2024-12-04 02:00:00,,-8.076632
2024-12-04 03:00:00,,-8.084624
2024-12-04 04:00:00,,-8.089616
2024-12-04 05:00:00,,-8.085608
2024-12-04 06:00:00,,-8.092600000000001
2024-12-04 07:00:00,,-8.096592
2024-12-04 08:00:00,,-8.094584
2024-12-04 09:00:00,,-8.095576000000001
2024-12-04 10:00:00,,-8.096568
2024-12-04 11:00:00,,-8.09556
2024-12-04 12:00:00,,-8.089552
2024-12-04 13:00:00,,-8.088544
2024-12-04 14:00:00,,-8.088536000000001
2024-12-04 15:00:00,,-8.087527999999999
2024-12-04 16:00:00,,-8.091520000000001
2024-12-04 17:00:00,,-8.087512
2024-12-04 18:00:00,,-8.085504
2024-12-04 19:00:00,,-8.089496
2024-12-04 20:00:00,,-8.087487999999999
2024-12-04 21:00:00,,-8.09348
2024-12-04 22:00:00,,-8.086472
2024-12-04 23:00:00,,-8.091464
2024-12-05 00:00:00,,-8.100456
2024-12-05 01:00:00,,-8.088448000000001
2024-12-05 02:00:00,,-8.08844
2024-12-05 03:00:00,,-8.093432
2024-12-05 04:00:00,,-8.087423999999999
2024-12-05 05:00:00,,-8.091416
2024-12-05 06:00:00,,-8.093408
2024-12-05 07:00:00,,-8.0994
2024-12-05 08:00:00,,-8.094392
2024-12-05 09:00:00,,-8.099384
2024-12-05 10:00:00,,-8.099376
2024-12-05 11:00:00,,-8.094368
2024-12-05 12:00:00,,-8.09336
2024-12-05 13:00:00,,-8.098352
2024-12-05 14:00:00,,-8.097344
2024-12-05 15:00:00,,-8.097335999999999
2024-12-05 16:00:00,,-8.094327999999999
2024-12-05 17:00:00,,-8.10532
2024-12-05 18:00:00,,-8.090311999999999
2024-12-05 19:00:00,,-8.097304
2024-12-05 20:00:00,,-8.089296000000001
2024-12-05 21:00:00,,-8.099288
2024-12-05 22:00:00,,-8.09928
2024-12-05 23:00:00,,-8.096271999999999
2024-12-06 00:00:00,,-8.101264
2024-12-06 01:00:00,,-8.096256
2024-12-06 02:00:00,,-8.098248
2024-12-06 03:00:00,,-8.09124
2024-12-06 04:00:00,,-8.091232000000002
2024-12-06 05:00:00,,-8.094223999999999
2024-12-06 06:00:00,,-8.099216
2024-12-06 07:00:00,,-8.099207999999999
2024-12-06 08:00:00,,-8.0992
2024-12-06 09:00:00,,-8.101192000000001
2024-12-06 10:00:00,,-8.104184
2024-12-06 11:00:00,,-8.099176
2024-12-06 12:00:00,,-8.099168
2024-12-06 13:00:00,,-8.09616
2024-12-06 14:00:00,,-8.097152
2024-12-06 15:00:00,,-8.097144
2024-12-06 16:00:00,,-8.092136
2024-12-06 17:00:00,,-8.090128
2024-12-06 18:00:00,,-8.08912
2024-12-06 19:00:00,,-8.090112
2024-12-06 20:00:00,,-8.093104
2024-12-06 21:00:00,,-8.096096
2024-12-06 22:00:00,,-8.099088
2024-12-06 23:00:00,,-8.09708
2024-12-07 00:00:00,,-8.097071999999999
2024-12-07 01:00:00,,-8.097064
2024-12-07 02:00:00,,-8.096055999999999
2024-12-07 03:00:00,,-8.097048
2024-12-07 04:00:00,,-8.09904
2024-12-07 05:00:00,,-8.099032
2024-12-07 06:00:00,,-8.096024
2024-12-07 07:00:00,,-8.099016
2024-12-07 08:00:00,,-8.101008
2024-12-07 09:00:00,,-8.102
2024-12-07 10:00:00,,-8.100992
2024-12-07 11:00:00,,-8.097984
2024-12-07 12:00:00,,-8.098976
2024-12-07 13:00:00,,-8.098968
2024-12-07 14:00:00,,-8.09696
2024-12-07 15:00:00,,-8.094952000000001
2024-12-07 16:00:00,,-8.096943999999999
2024-12-07 17:00:00,,-8.089936
2024-12-07 18:00:00,,-8.091928
2024-12-07 19:00:00,,-8.09792
2024-12-07 20:00:00,,-8.102912
2024-12-07 21:00:00,,-8.103904
2024-12-07 22:00:00,,-8.099896
2024-12-07 23:00:00,,-8.099888
2024-12-08 00:00:00,,-8.09588
2024-12-08 01:00:00,,-8.099872
2024-12-08 02:00:00,,-8.092864
2024-12-08 03:00:00,,-8.098856
2024-12-08 04:00:00,,-8.094848
2024-12-08 05:00:00,,-8.09884
2024-12-08 06:00:00,,-8.096832
2024-12-08 07:00:00,,-8.106824000000001
2024-12-08 08:00:00,,-8.099815999999999
2024-12-08 09:00:00,,-8.106808000000001
2024-12-08 10:00:00,,-8.1028
2024-12-08 11:00:00,,-8.099791999999999
2024-12-08 12:00:00,,-8.093784
2024-12-08 13:00:00,,-8.091776
2024-12-08 14:00:00,,-8.092768
2024-12-08 15:00:00,,-8.08876
2024-12-08 16:00:00,,-8.082752
2024-12-08 17:00:00,,-8.084744
2024-12-08 18:00:00,,-8.084736000000001
2024-12-08 19:00:00,,-8.087728
2024-12-08 20:00:00,,-8.09172
2024-12-08 21:00:00,,-8.092711999999999
2024-12-08 22:00:00,,-8.097704
2024-12-08 23:00:00,,-8.093696
2024-12-09 00:00:00,,-8.095687999999999
2024-12-09 01:00:00,,-8.08768
2024-12-09 02:00:00,,-8.089672
2024-12-09 03:00:00,,-8.089663999999999
2024-12-09 04:00:00,,-8.087656
2024-12-09 05:00:00,,-8.090648000000002
2024-12-09 06:00:00,,-8.09464
2024-12-09 07:00:00,,-8.101632
2024-12-09 08:00:00,,-8.100624
2024-12-09 09:00:00,,-8.102616
2024-12-09 10:00:00,,-8.097608000000001
2024-12-09 11:00:00,,-8.0956
2024-12-09 12:00:00,,-8.091592
2024-12-09 13:00:00,,-8.107584000000001
2024-12-09 14:00:00,,-8.099575999999999
2024-12-09 15:00:00,,-8.087568000000001
2024-12-09 16:00:00,,-8.08556
2024-12-09 17:00:00,,-8.090552
2024-12-09 18:00:00,,-8.094544
2024-12-09 19:00:00,,-8.096535999999999
2024-12-09 20:00:00,,-8.095528
2024-12-09 21:00:00,,-8.09552
2024-12-09 22:00:00,,-8.097512
2024-12-09 23:00:00,,-8.096504
2024-12-10 00:00:00,,-8.090496
2024-12-10 01:00:00,,-8.091488
2024-12-10 02:00:00,,-8.08848
2024-12-10 03:00:00,,-8.088472
2024-12-10 04:00:00,,-8.091464
2024-12-10 05:00:00,,-8.093456
2024-12-10 06:00:00,,-8.098448
2024-12-10 07:00:00,,-8.09644
2024-12-10 08:00:00,,-8.099432
2024-12-10 09:00:00,,-8.098424
2024-12-10 10:00:00,,-8.102416
2024-12-10 11:00:00,,-8.098408
2024-12-10 12:00:00,,-8.0964
2024-12-10 13:00:00,,-8.092392
2024-12-10 14:00:00,,-8.087384
2024-12-10 15:00:00,,-8.084376
2024-12-10 16:00:00,,-8.088368000000001
2024-12-10 17:00:00,,-8.08736
2024-12-10 18:00:00,,-8.085352
2024-12-10 19:00:00,,-8.096343999999998
2024-12-10 20:00:00,,-8.101336
2024-12-10 21:00:00,,-8.092328
2024-12-10 22:00:00,,-8.089319999999999
2024-12-10 23:00:00,,-8.091312
2024-12-11 00:00:00,,-8.087304000000001
2024-12-11 01:00:00,,-8.093295999999999
2024-12-11 02:00:00,,-8.089288
2024-12-11 03:00:00,,-8.086279999999999
2024-12-11 04:00:00,,-8.091272
2024-12-11 05:00:00,,-8.090264000000001
2024-12-11 06:00:00,,-8.095256
2024-12-11 07:00:00,,-8.097248
2024-12-11 08:00:00,,-8.09624
2024-12-11 09:00:00,,-8.101232
2024-12-11 10:00:00,,-8.098224
2024-12-11 11:00:00,,-8.101216
2024-12-11 12:00:00,,-8.099207999999999
2024-12-11 13:00:00,,-8.0922
2024-12-11 14:00:00,,-8.093191999999998
2024-12-11 15:00:00,,-8.086184
2024-12-11 16:00:00,,-8.084176000000001
2024-12-11 17:00:00,,-8.087168
2024-12-11 18:00:00,,-8.08716
2024-12-11 19:00:00,,-8.091152000000001
2024-12-11 20:00:00,,-8.088144
2024-12-11 21:00:00,,-8.088136
2024-12-11 22:00:00,,-8.092127999999999
2024-12-11 23:00:00,,-8.09112
2024-12-12 00:00:00,,-8.087112000000001
2024-12-12 01:00:00,,-8.088104
2024-12-12 02:00:00,,-8.086096
2024-12-12 03:00:00,,-8.085088
2024-12-12 04:00:00,,-8.080079999999999
2024-12-12 05:00:00,,-8.084072
2024-12-12 06:00:00,,-8.089063999999999
2024-12-12 07:00:00,,-8.093055999999999
2024-12-12 08:00:00,,-8.092048
2024-12-12 09:00:00,,-8.096039999999999
2024-12-12 10:00:00,,-8.095032
2024-12-12 11:00:00,,-8.100024000000001
2024-12-12 12:00:00,,-8.092016
2024-12-12 13:00:00,,-8.097008
2024-12-12 14:00:00,,-8.086
2024-12-12 14:30:00,,-8.09
